assigned_type,name,confidence,rule,why,roles,occurrences,orcid,node_id,worksheet_action,worksheet_kind,worksheet_evidence,example_datasets,DECISION
Person,A.J. Reiss,high,R1,ORCID supplied,nominator x1,1,https://orcid.org/0009-0006-5535-9362,https://orcid.org/0009-0006-5535-9362,,,,Argo,
Person,Alex de Sherbinin,high,R1,ORCID supplied,nominator x1,1,https://orcid.org/0000-0002-8875-4864,https://orcid.org/0000-0002-8875-4864,,,,Gridded Population of the World (GPW),
Person,Alexandru Codilean,high,R1,ORCID supplied,nominator x1,1,https://orcid.org/0000-0003-1895-5633,https://orcid.org/0000-0003-1895-5633,,,,OCTOPUS database,
Person,Alfredo A. Cruz,high,R1,ORCID supplied,nominator x1,1,https://orcid.org/0000-0001-5032-524X,https://orcid.org/0000-0001-5032-524X,,,,OMNI,
Person,Alison Fritz,high,R1,ORCID supplied,nominator x1,1,https://orcid.org/0000-0001-7470-6602,https://orcid.org/0000-0001-7470-6602,,,,National Energy Water Treatment and Speciation (NEWTS) Database,
Person,Angus Nixon,high,R1,ORCID supplied,nominator x2,2,https://orcid.org/0000-0003-3638-1864,https://orcid.org/0000-0003-3638-1864,,,,Australian Thermochronology - 2002 and prior | Australian Thermochronology - 2002 to 2022,
Person,Ankur Desai,high,R1,ORCID supplied,nominator x1,1,https://orcid.org/0000-0002-5226-6041,https://orcid.org/0000-0002-5226-6041,,,,Fluxnet (or Ameriflux for N America),
Person,Ann Windnagel,high,R1,ORCID supplied,nominator x1,1,https://orcid.org/0000-0001-6396-3523,https://orcid.org/0000-0001-6396-3523,,,,Sea Ice Index,
Person,Anna Savage,high,R1,ORCID supplied,nominator x1,1,https://orcid.org/0000-0003-1288-8636,https://orcid.org/0000-0003-1288-8636,,,,Sofar Spotter Data Archive,
Person,Anne Tillery,high,R1,ORCID supplied,nominator x1,1,https://orcid.org/0000-0002-9508-7908,https://orcid.org/0000-0002-9508-7908,,,,The National Geologic Map Database (NGMDB),
Person,Anthony Lanati,high,R1,ORCID supplied,nominator x1,1,https://orcid.org/0000-0002-3317-5697,https://orcid.org/0000-0002-3317-5697,,,,The GEOROC database,
Person,Antonio Martínez Picar,high,R1,ORCID supplied,nominator x1,1,https://orcid.org/0000-0001-6715-7166,https://orcid.org/0000-0001-6715-7166,,,,International Sunspot Number,
Person,Ariadna Martin,high,R1,ORCID supplied,nominator x1,1,https://orcid.org/0000-0001-7802-2662,https://orcid.org/0000-0001-7802-2662,,,,Global Extreme Sea Level Analysis (GESLA),
Person,Arpita Mondal,high,R1,ORCID supplied,nominator x1,1,https://orcid.org/0000-0002-7622-8306,https://orcid.org/0000-0002-7622-8306,,,,CAMELS-IND (Catchment Attributes and Meteorology for Large-sample Studies - India),
Person,Art Miller,high,R1,ORCID supplied,nominator x1,1,https://orcid.org/0000-0003-3459-2676,https://orcid.org/0000-0003-3459-2676,,,,The Keeling Curve CO2 time series,
Person,Ashley Ballard,high,R1,ORCID supplied,nominator x1,1,https://orcid.org/0009-0003-4476-044X,https://orcid.org/0009-0003-4476-044X,,,,Integrated Multi-satellitE Retrievals for the Global Precipitation Measurement (GPM) mission (IMERG),
Person,Avni Malhotra,high,R1,ORCID supplied,nominator x1,1,https://orcid.org/0000-0002-7850-6402,https://orcid.org/0000-0002-7850-6402,,,,Soil Respiration Database,
Person,Axel D. Renno,high,R1,ORCID supplied,nominator x1,1,https://orcid.org/0000-0002-8289-1059,https://orcid.org/0000-0002-8289-1059,,,,GeoReM,
Person,Balaji Rajagopalan,high,R1,ORCID supplied,nominator x1,1,https://orcid.org/0000-0002-6883-7240,https://orcid.org/0000-0002-6883-7240,,,,Livneh Hydrometeorological dataset,
Person,Ben Zaitchik,high,R1,ORCID supplied,nominator x1,1,https://orcid.org/0000-0002-0698-0658,https://orcid.org/0000-0002-0698-0658,,,,Integrated Multi-satellitE Retrievals for the Global Precipitation Measurement (GPM) mission (IMERG),
Person,Bethany Ehlmann,high,R1,ORCID supplied,nominator x2,2,https://orcid.org/0000-0002-2745-3240,https://orcid.org/0000-0002-2745-3240,,,,RELAB spectral library at Brown University | USGS Spectral Library,
Person,Brendan Byrne,high,R1,ORCID supplied,nominator x1,1,https://orcid.org/0000-0003-0619-3045,https://orcid.org/0000-0003-0619-3045,,,,2020 TCCON Data Release,
Person,Candice Hopkins,high,R1,ORCID supplied,nominator x1,1,https://orcid.org/0000-0003-3207-7267,https://orcid.org/0000-0003-3207-7267,,,,Water Quality Portal,
Person,Catia M Domingues,high,R1,ORCID supplied,nominator x1,1,https://orcid.org/0000-0001-5100-4595,https://orcid.org/0000-0001-5100-4595,,,,Argo,
Person,Ceri Nunn,high,R1,ORCID supplied,nominator x1,1,https://orcid.org/0000-0001-5647-8001,https://orcid.org/0000-0001-5647-8001,,,,XA (1969-1977): Apollo Passive Seismic Experiments,
Person,Chris Hakkenberg,high,R1,ORCID supplied,nominator x1,1,https://orcid.org/0000-0002-6579-5954,https://orcid.org/0000-0002-6579-5954,,,,GEDI02_B GEDI L2B Footprint Level Canopy Cover and Vertical Profile Metrics,
Person,Christine A. Shields,high,R1,ORCID supplied,nominator x1,1,https://orcid.org/0000-0003-4481-1377,https://orcid.org/0000-0003-4481-1377,,,,ARTMIP Database,
Person,Christine Lee,high,R1,ORCID supplied,nominator x1,1,https://orcid.org/0000-0003-1615-236X,https://orcid.org/0000-0003-1615-236X,,,,ECOSTRESS Tiled Land Surface Temperature and Emissivity Instantaneous L2 Global 70 m V002,
Person,Claire Porter,high,R1,ORCID supplied,nominator x1,1,https://orcid.org/0009-0005-4979-9778,https://orcid.org/0009-0005-4979-9778,,,,ArcticDEM and the Reference Elevation Model of Antarctica (REMA),
Person,Dan Cayan,high,R1,ORCID supplied,nominator x1,1,https://orcid.org/0000-0002-2719-6811,https://orcid.org/0000-0002-2719-6811,,,,California Climate Projections,
Person,Dan Jaffe,high,R1,ORCID supplied,nominator x1,1,https://orcid.org/0000-0003-1965-9051,https://orcid.org/0000-0003-1965-9051,,,,Air NOW Fire and Smoke map,
Person,Danica Linda Cantarero,high,R1,ORCID supplied,nominator x1,1,https://orcid.org/0000-0002-5628-2903,https://orcid.org/0000-0002-5628-2903,,,,Sea Ice Index,
Person,David Berghmans,high,R1,ORCID supplied,nominator x1,1,https://orcid.org/0000-0003-4052-9462,https://orcid.org/0000-0003-4052-9462,,,,International Sunspot Number,
Person,David Crisp,high,R1,ORCID supplied,nominator x1,1,https://orcid.org/0000-0002-4573-9998,https://orcid.org/0000-0002-4573-9998,,,,2020 TCCON Data Release,
Person,Dean Pesnell,high,R1,ORCID supplied,nominator x1,1,https://orcid.org/0000-0002-8306-2500,https://orcid.org/0000-0002-8306-2500,,,,International Sunspot Number,
Person,Debjani Sihi,high,R1,ORCID supplied,nominator x1,1,https://orcid.org/0000-0002-5513-8862,https://orcid.org/0000-0002-5513-8862,,,,International Soil Carbon Network (ISCN),
Person,Debra Wunch,high,R1,ORCID supplied,nominator x2,2,https://orcid.org/0000-0002-4924-0377,https://orcid.org/0000-0002-4924-0377,,,,2020 TCCON Data Release | OCO-2 and OCO-3,
Person,Dominique Weis,high,R1,ORCID supplied,nominator x1,1,https://orcid.org/0000-0002-6638-5543,https://orcid.org/0000-0002-6638-5543,,,,PetDB,
Person,Dr. James S. Eldrett,high,R1,ORCID supplied,nominator x1,1,https://orcid.org/0000-0001-5196-3112,https://orcid.org/0000-0001-5196-3112,,,,Cenomanian-Turonian Eagle Ford Research: Core dataset,
Person,Dr. Kunal Chakraborty,high,R1,ORCID supplied,nominator x1,1,https://orcid.org/0000-0001-6940-9355,https://orcid.org/0000-0001-6940-9355,,,,INCOIS_TA,
Person,Dr. Manabendra Saharia,high,R1,ORCID supplied,nominator x1,1,https://orcid.org/0000-0001-5275-0821,https://orcid.org/0000-0001-5275-0821,,,,Indian Landslide Susceptibility Map (ILSM),
Person,Dr. Peter H. Gleick,high,R1,ORCID supplied,nominator x1,1,https://orcid.org/0000-0001-7232-9284,https://orcid.org/0000-0001-7232-9284,,,,The Water Conflict Chronology Database,
Person,Dylan Jones,high,R1,ORCID supplied,nominator x1,1,https://orcid.org/0000-0002-1935-3725,https://orcid.org/0000-0002-1935-3725,,,,2020 TCCON Data Release,
Person,Ebrahim Ahmadisharaf,high,R1,ORCID supplied,"curator x1, nominator x1",2,https://orcid.org/0000-0002-9452-7975,https://orcid.org/0000-0002-9452-7975,,,,"Hurricanes, mold & respiratory health issues",
Person,Einat Lev,high,R1,ORCID supplied,nominator x1,1,https://orcid.org/0000-0002-8174-0558,https://orcid.org/0000-0002-8174-0558,,,,OpenTopography,
Person,Elisabetta D'Anastasio,high,R1,ORCID supplied,nominator x1,1,https://orcid.org/0000-0003-3043-8604,https://orcid.org/0000-0003-3043-8604,,,,International GNSS Service (IGS) Data and Products,
Person,Elizabeth A. Silber,high,R1,ORCID supplied,nominator x1,1,https://orcid.org/0000-0003-4778-1409,https://orcid.org/0000-0003-4778-1409,,,,Historical Bolide Infrasound Dataset (1960-1972),
Person,Emily Becker,high,R1,ORCID supplied,nominator x1,1,https://orcid.org/0000-0002-5533-9891,https://orcid.org/0000-0002-5533-9891,,,,North American Multi-Model Ensemble (NMME) and Subseasonal Experiment (SubX),
Person,Endalkachew Kebede,high,R1,ORCID supplied,nominator x1,1,https://orcid.org/0000-0002-5212-7340,https://orcid.org/0000-0002-5212-7340,,,,A global open-source dataset of monthly irrigated and rainfed cropped areas (MIRCA-OS) for the 21st century,
Person,Enze Zhang,high,R1,ORCID supplied,nominator x1,1,https://orcid.org/0000-0001-6431-2570,https://orcid.org/0000-0001-6431-2570,,,,AutoTerm,
Person,Erin Satterthwaite,high,R1,ORCID supplied,nominator x2,2,https://orcid.org/0000-0003-0177-7770,https://orcid.org/0000-0003-0177-7770,,,,"CALCOFI fish larvae at 66 standard stations, 1966 - ongoing | CalCOFI SIO Hydrographic CTD Bottle/Cast Data",
Person,Ernest Cisneros,high,R1,ORCID supplied,nominator x1,1,https://orcid.org/0000-0003-3859-058X,https://orcid.org/0000-0003-3859-058X,,,,PDS Archive of LRO LROC Derived Products,
Person,Fabien Darrouzet,high,R1,ORCID supplied,nominator x1,1,https://orcid.org/0000-0002-2927-6858,https://orcid.org/0000-0002-2927-6858,,,,Geospace Regions and Magnetospheric Boundaries (GRMB) identification dataset,
Person,Faisal Hossain,high,R1,ORCID supplied,nominator x1,1,https://orcid.org/0000-0001-6192-3157,https://orcid.org/0000-0001-6192-3157,,,,Integrated Multi-satellitE Retrievals for the Global Precipitation Measurement (GPM) mission (IMERG),
Person,Federico Rabuffi,high,R1,ORCID supplied,nominator x1,1,https://orcid.org/0000-0002-4573-3190,https://orcid.org/0000-0002-4573-3190,,,,ECOSTRESS Tiled Land Surface Temperature and Emissivity Instantaneous L2 Global 70 m V002,
Person,Florence Fetterer,high,R1,ORCID supplied,nominator x1,1,https://orcid.org/0000-0002-0693-466X,https://orcid.org/0000-0002-0693-466X,,,,Sea Ice Index,
Person,Fraser King,high,R1,ORCID supplied,nominator x1,1,https://orcid.org/0000-0003-1698-8482,https://orcid.org/0000-0003-1698-8482,,,,A Comprehensive Northern Hemisphere Particle Microphysics Dataset from the Precipitation Imaging Package,
Person,George J. Huffman,high,R1,ORCID supplied,nominator x1,1,https://orcid.org/0000-0003-3858-8308,https://orcid.org/0000-0003-3858-8308,,,,Integrated Multi-satellitE Retrievals for the Global Precipitation Measurement (GPM) mission (IMERG),
Person,Gerard Gallardo i Peres,high,R1,ORCID supplied,nominator x1,1,https://orcid.org/0009-0003-9668-5138,https://orcid.org/0009-0003-9668-5138,,,,"Magellan Global Topography, Emissivity, Reflectivity, and Slope Data Record (GXDR)",
Person,Gerbrand Koren,high,R1,ORCID supplied,nominator x1,1,https://orcid.org/0000-0002-2275-0713,https://orcid.org/0000-0002-2275-0713,,,,Fluxnet (or Ameriflux for N America),
Person,Gil Bohrer,high,R1,ORCID supplied,nominator x1,1,https://orcid.org/0000-0002-9209-9540,https://orcid.org/0000-0002-9209-9540,,,,Fluxnet (or Ameriflux for N America),
Person,Glen Thackray,high,R1,ORCID supplied,nominator x1,1,https://orcid.org/0000-0002-4981-6815,https://orcid.org/0000-0002-4981-6815,,,,The National Geologic Map Database (NGMDB),
Person,Gretchen Keppel-Aleks,high,R1,ORCID supplied,nominator x1,1,https://orcid.org/0000-0003-2213-0044,https://orcid.org/0000-0003-2213-0044,,,,2020 TCCON Data Release,
Person,Henry C. Henson,high,R1,ORCID supplied,nominator x1,1,https://orcid.org/0000-0002-1370-7887,https://orcid.org/0000-0002-1370-7887,,,,Greenland Ecosystem Monitoring (GEM) – MarineBasis,
Person,Ian Brosnan,high,R1,ORCID supplied,nominator x1,1,https://orcid.org/0000-0003-2509-4325,https://orcid.org/0000-0003-2509-4325,,,,NASA Earth Exchange Global Daily Downscaled Projections (NEX-GDDP) CMIP5 & CMIP 6,
Person,Ilse Aben,high,R1,ORCID supplied,nominator x1,1,https://orcid.org/0000-0003-2198-0768,https://orcid.org/0000-0003-2198-0768,,,,2020 TCCON Data Release,
Person,Isabel Wargowsky,high,R1,ORCID supplied,nominator x1,1,https://orcid.org/0000-0001-6654-1414,https://orcid.org/0000-0001-6654-1414,,,,ABCFlux v2: Arctic–Boreal CO2 and CH4 In-situ Flux and Environmental Data,
Person,Jacob Schaperow,high,R1,ORCID supplied,nominator x1,1,https://orcid.org/0000-0001-7012-5472,https://orcid.org/0000-0001-7012-5472,,,,GLDAS Catchment Land Surface Model L4 daily 0.25 x 0.25 degree GRACE-DA1 V2.2,
Person,James Acker,high,R1,ORCID supplied,nominator x1,1,https://orcid.org/0000-0001-7262-9615,https://orcid.org/0000-0001-7262-9615,,,,"Modern-Era Retrospective analysis for Research and Applications, Version 2 (MERRA-2)",
Person,James Crawford,high,R1,ORCID supplied,nominator x1,1,https://orcid.org/0000-0002-6982-0934,https://orcid.org/0000-0002-6982-0934,,,,Airborne and Satellite Investigation of Air Quality,
Person,James H. Swift,high,R1,ORCID supplied,nominator x1,1,https://orcid.org/0000-0003-0957-5444,https://orcid.org/0000-0003-0957-5444,,,,World Ocean Database,
Person,James T Morris,high,R1,ORCID supplied,nominator x2,2,https://orcid.org/0000-0002-0511-642X,https://orcid.org/0000-0002-0511-642X,,,,"LTREB: Aboveground biomass, plant density, annual aboveground productivity, plant heights and snail observations in control and fertilized plots in a Spartina alterniflora-dominated salt marsh, North Inlet, Georgetown, SC: 1984-2024 | Porewater nutrient concentrations in control and fertilized plots in a Spartina alterniflora-dominated salt marsh, North Inlet, Georgetown, SC : 1993-2024",
Person,Jean-Paul Montagner,high,R1,ORCID supplied,nominator x1,1,https://orcid.org/0000-0001-9958-3012,https://orcid.org/0000-0001-9958-3012,,,,Geoscope Network Seismic Data,
Person,Jing Fang,high,R1,ORCID supplied,"creator x1, nominator x1",2,https://orcid.org/0000-0002-4955-1212,https://orcid.org/0000-0002-4955-1212,,,,Vegetation Photosynthetic Phenology Metrics in Northern Terrestrial Ecosystems,
Person,Jing Gao,high,R1,ORCID supplied,nominator x1,1,https://orcid.org/0000-0003-1778-8909,https://orcid.org/0000-0003-1778-8909,,,,"Global 1-km Downscaled Urban Land Fraction Grids, SSP-Consistent Projections and Base Year, v1 (2000 - 2100)",
Person,Jing Gao ( jinggao@udel.edu ),high,R4,"named exception, reviewed by hand",curator x1,1,,urn:org:agu:data:impactful-datasets:id:person:jing-gao-jinggao-udel-edu,,,,"Global 1-km Downscaled Urban Land Fraction Grids, SSP-Consistent Projections and Base Year, v1 (2000 - 2100)",
Person,Jingfeng Xiao,high,R1,ORCID supplied,"curator x1, nominator x1",2,https://orcid.org/0000-0002-0622-6903,https://orcid.org/0000-0002-0622-6903,,,,GOSIF and GOSIF GPP (two sister products),
Person,Joao Teixeira,high,R1,ORCID supplied,nominator x1,1,https://orcid.org/0000-0002-5281-9478,https://orcid.org/0000-0002-5281-9478,,,,Atmospheric Infrared Sounder (AIRS),
Person,John (Jack) W. Williams,high,R1,ORCID supplied,nominator x1,1,https://orcid.org/0000-0001-6046-9634,https://orcid.org/0000-0001-6046-9634,,,,Neotoma Paleoecology Database,
Person,Jonathan Hanson,high,R1,ORCID supplied,nominator x1,1,https://orcid.org/0000-0002-3132-6228,https://orcid.org/0000-0002-3132-6228,,,,GeoNet (NZ) Geohazard Monitoring Datasets,
Person,Josh Laughner,high,R1,ORCID supplied,nominator x4,4,https://orcid.org/0000-0002-8599-4555,https://orcid.org/0000-0002-8599-4555,,,,2020 TCCON Data Release | NOAA Observation Package | OCO-2 & -3 XCO2 & SIF,
Person,José Manuel Vaquero,high,R1,ORCID supplied,nominator x1,1,https://orcid.org/0000-0002-8754-1509,https://orcid.org/0000-0002-8754-1509,,,,International Sunspot Number,
Person,Julie Kalansky,high,R1,ORCID supplied,nominator x1,1,https://orcid.org/0000-0003-2562-7398,https://orcid.org/0000-0003-2562-7398,,,,California Climate Projections,
Person,Justine Blanford,high,R1,ORCID supplied,nominator x1,1,https://orcid.org/0000-0003-0844-9390,https://orcid.org/0000-0003-0844-9390,,,,Worldclim,
Person,K. Dana Chadwick,high,R1,ORCID supplied,nominator x1,1,https://orcid.org/0000-0002-5633-4865,https://orcid.org/0000-0002-5633-4865,,,,Surface Biology and Geology (SBG) High Frequency Time Series,
Person,Katelyn Mountjoy,high,R1,ORCID supplied,nominator x1,1,https://orcid.org/0000-0002-7898-8122,https://orcid.org/0000-0002-7898-8122,,,,Yax Chen diatom analysis (Supplementary Information),
Person,Kelsey Druken,high,R1,ORCID supplied,nominator x1,1,https://orcid.org/0000-0002-9442-5709,https://orcid.org/0000-0002-9442-5709,,,,Coupled Model Intercomparison Project 6 (CMIP6),
Person,Kerry Cawse-Nicholson,high,R1,ORCID supplied,nominator x1,1,https://orcid.org/0000-0002-0510-4066,https://orcid.org/0000-0002-0510-4066,,,,ECOSTRESS Tiled Land Surface Temperature and Emissivity Instantaneous L2 Global 70 m V002,
Person,Kerstin Lehnert,high,R1,ORCID supplied,"creator x1, nominator x1",2,https://orcid.org/0000-0001-7036-1977,https://orcid.org/0000-0001-7036-1977,,,,Astromaterials Data Synthesis,
Person,Kiwamu Nishida,high,R1,ORCID supplied,nominator x1,1,https://orcid.org/0000-0001-6778-8080,https://orcid.org/0000-0001-6778-8080,,,,FDSN Databases,
Person,Kyle Davis,high,R1,ORCID supplied,nominator x1,1,https://orcid.org/0000-0003-4504-1407,https://orcid.org/0000-0003-4504-1407,,,,A global open-source dataset of monthly irrigated and rainfed cropped areas (MIRCA-OS) for the 21st century,
Person,Landon Marston,high,R1,ORCID supplied,nominator x1,1,https://orcid.org/0000-0001-9116-1691,https://orcid.org/0000-0001-9116-1691,,,,United States Groundwater Well Database (USGWD),
Person,Laure Lefevre,high,R1,ORCID supplied,nominator x1,1,https://orcid.org/0000-0003-1005-7353,https://orcid.org/0000-0003-1005-7353,,,,International Sunspot Number,
Person,Laurent Montesi,high,R1,ORCID supplied,nominator x1,1,https://orcid.org/0000-0002-3519-1412,https://orcid.org/0000-0002-3519-1412,,,,Community Earth Models,
Person,Leander Kallas,high,R1,ORCID supplied,nominator x1,1,https://orcid.org/0000-0003-2613-8086,https://orcid.org/0000-0003-2613-8086,,,,The GEOROC database,
Person,Li Zhen,high,R1,ORCID supplied,nominator x1,1,https://orcid.org/0000-0002-2007-8898,https://orcid.org/0000-0002-2007-8898,,,,Homogenized daily relative humidity series in China during 1960-2017,
Person,Lin Zhiheng,high,R1,ORCID supplied,nominator x1,1,https://orcid.org/0000-0003-0411-7735,https://orcid.org/0000-0003-0411-7735,,,,TIARES Seafloor Data,
Person,Lindsay Barbieri,high,R1,ORCID supplied,nominator x1,1,https://orcid.org/0000-0001-8495-6402,https://orcid.org/0000-0001-8495-6402,,,,"EnvClim Grids: Global Urban Environmental Vulnerability and Climate Risk, 500m Resolution (circa 2020–2050)",
Person,Marcelo Uriburu Quirno,high,R1,ORCID supplied,nominator x1,1,https://orcid.org/0009-0005-4204-1673,https://orcid.org/0009-0005-4204-1673,,,,Integrated Multi-satellitE Retrievals for the Global Precipitation Measurement (GPM) mission (IMERG),
Person,Marie Katrine Traun,high,R1,ORCID supplied,nominator x1,1,https://orcid.org/0000-0001-6667-2633,https://orcid.org/0000-0001-6667-2633,,,,The GEOROC database,
Person,Mark James Hopwood,high,R1,ORCID supplied,nominator x1,1,https://orcid.org/0000-0002-9743-079X,https://orcid.org/0000-0002-9743-079X,,,,Greenland liquid water discharge from 1958 through 2019,
Person,Mark Koenig,high,R1,ORCID supplied,nominator x1,1,https://orcid.org/0009-0006-0369-2059,https://orcid.org/0009-0006-0369-2059,,,,California Climate Projections,
Person,Martha Cary (Missy) Eppes,high,R1,ORCID supplied,nominator x1,1,https://orcid.org/0000-0002-3032-1046,https://orcid.org/0000-0002-3032-1046,,,,The National Geologic Map Database (NGMDB),
Person,Marthe Klöcking,high,R1,ORCID supplied,nominator x2,2,https://orcid.org/0000-0002-6592-9270,https://orcid.org/0000-0002-6592-9270,,,,The GEOROC database | PetDB,
Person,Matthias Lankhorst,high,R1,ORCID supplied,"creator x1, nominator x1",2,https://orcid.org/0000-0002-4166-4044,https://orcid.org/0000-0002-4166-4044,,,,SWOT Post-Launch Field Campaign Data,
Person,Nasrin Mostafavi Pak,high,R1,ORCID supplied,nominator x1,1,https://orcid.org/0000-0003-1295-6555,https://orcid.org/0000-0003-1295-6555,,,,OCO-2 Level 2 bias-corrected XCO2,
Person,Nelia W. Dunbar,high,R1,ORCID supplied,nominator x1,1,https://orcid.org/0000-0002-5181-937X,https://orcid.org/0000-0002-5181-937X,,,,The National Geologic Map Database (NGMDB),
Person,Nicholas Kruskamp,high,R1,ORCID supplied,nominator x1,1,https://orcid.org/0000-0002-3924-0277,https://orcid.org/0000-0002-3924-0277,,,,Gridded U.S. Anthropogenic Methane Greenhouse Gas Inventory (gridded GHGI),
Person,Nick Marzolf,high,R1,ORCID supplied,nominator x1,1,https://orcid.org/0000-0001-9146-1643,https://orcid.org/0000-0001-9146-1643,,,,"Long-term chemistry from streams at La Selva Biological Station, Costa Rica",
Person,Nicolas Fernandez,high,R1,ORCID supplied,nominator x1,1,https://orcid.org/0000-0001-7979-2941,https://orcid.org/0000-0001-7979-2941,,,,ChemLotUS: A Benchmark Data Set of Lotic Chemistry Across US River Networks,
Person,Nicole Jacobs,high,R1,ORCID supplied,nominator x1,1,https://orcid.org/0000-0002-7524-2157,https://orcid.org/0000-0002-7524-2157,,,,OCO-2,
Person,Nikita Kaushal,high,R1,ORCID supplied,"creator x1, nominator x1",2,https://orcid.org/0000-0002-2220-9046,https://orcid.org/0000-0002-2220-9046,,,,"Speleothem Isotope Synthesis and AnaLysis v1, v1b, v2, v3",
Person,Nils Moosdorf,high,R1,ORCID supplied,nominator x1,1,https://orcid.org/0000-0003-2822-8261,https://orcid.org/0000-0003-2822-8261,,,,Global Lithological Map (GLIM) v1.0,
Person,Nina Welti,high,R1,ORCID supplied,nominator x1,1,https://orcid.org/0000-0001-9966-5915,https://orcid.org/0000-0001-9966-5915,,,,Global Network of Isotopes in Precipitation - The GNIP Database,
Person,Noel Cressie,high,R1,ORCID supplied,nominator x1,1,https://orcid.org/0000-0002-0274-8050,https://orcid.org/0000-0002-0274-8050,,,,2020 TCCON Data Release,
Person,Paola Mazzoglio,high,R1,ORCID supplied,"curator x2, nominator x2",4,https://orcid.org/0000-0002-3662-9439,https://orcid.org/0000-0002-3662-9439,,,,Historical daily discharge data of Italian rivers - SIREN project | Improved Italian - Rainfall Extreme Dataset (I2-RED),
Person,Patrick Broxton,high,R1,ORCID supplied,nominator x1,1,https://orcid.org/0000-0002-2665-6820,https://orcid.org/0000-0002-2665-6820,,,,Daily 4 km Gridded SWE and Snow Depth from Assimilated In-Situ and Observation-Based Data over the Conterminous US,
Person,Peiyu Cao,high,R1,ORCID supplied,"creator x1, curator x3, nominator x3",7,https://orcid.org/0000-0002-5032-1991,https://orcid.org/0000-0002-5032-1991,,,,"Agricultural nitrogen fertilizer uses in the continental U.S. during 1850-2015: a set of gridded time-series data | Annual crop-specific management history of phosphorus fertilizer input (CMH-P) in the croplands of United States from 1850 to 2022: Application rate, timing, and method | Data and code for Mapping greenhouse gas emissions from global cropland circa 2020",
Person,Prithviraj Pramanik,high,R1,ORCID supplied,nominator x1,1,https://orcid.org/0000-0002-5656-6340,https://orcid.org/0000-0002-5656-6340,,,,OpenAQ,
Person,Ricardo Sanchez-Murillo,high,R1,ORCID supplied,"creator x1, nominator x1",2,https://orcid.org/0000-0001-8721-8093,https://orcid.org/0000-0001-8721-8093,,,,Stable isotope tempestology database,
Person,Rob Casey,high,R1,ORCID supplied,nominator x1,1,https://orcid.org/0000-0003-4981-8340,https://orcid.org/0000-0003-4981-8340,,,,USArray Transportable Array,
Person,"Robert E. Daniell, Jr",high,R1,ORCID supplied,nominator x1,1,https://orcid.org/0000-0002-9271-7986,https://orcid.org/0000-0002-9271-7986,,,,FORMOSAT-7/COSMIC-2 Global Ionospheric Specification,
Person,Ross Bagwell,high,R1,ORCID supplied,nominator x1,1,https://orcid.org/0000-0002-9346-1978,https://orcid.org/0000-0002-9346-1978,,,,"Ground-Based Global Navigation Satellite System (GNSS) Hatanaka-compressed Observation Data (1-second sampling, sub-hourly files)",
Person,Ryan Woosley,high,R1,ORCID supplied,nominator x1,1,https://orcid.org/0000-0002-2008-7751,https://orcid.org/0000-0002-2008-7751,,,,Global Ocean Data Analysis Project (GLODAP),
Person,Sanchit Minocha,high,R1,ORCID supplied,nominator x1,1,https://orcid.org/0009-0007-1969-7521,https://orcid.org/0009-0007-1969-7521,,,,Global Reservoir Inventory of Lost Storage by Sedimentation (GRILSS),
Person,Sara C Pryor,high,R1,ORCID supplied,nominator x1,1,https://orcid.org/0000-0003-4847-3440,https://orcid.org/0000-0003-4847-3440,,,,Integrated Multi-satellitE Retrievals for the Global Precipitation Measurement (GPM) mission (IMERG),
Person,Sara M. Vallejo-Bernal,high,R1,ORCID supplied,nominator x1,1,https://orcid.org/0000-0003-3134-0449,https://orcid.org/0000-0003-3134-0449,,,,ARTMIP Database,
Person,Sarah Carter,high,R1,ORCID supplied,nominator x1,1,https://orcid.org/0000-0002-1833-3239,https://orcid.org/0000-0002-1833-3239,,,,OPERA Land Surface Disturbance Alert from Harmonized Landsat Sentinel-2 product (Version 1) OPERA_L3_DIST-ALERT-HLS_V1,
Person,Sarah Gille,high,R1,ORCID supplied,nominator x1,1,https://orcid.org/0000-0001-9144-4368,https://orcid.org/0000-0001-9144-4368,,,,Argo,
Person,Sarath Suresh,high,R1,ORCID supplied,nominator x1,1,https://orcid.org/0009-0002-0466-0746,https://orcid.org/0009-0002-0466-0746,,,,GRAIN - Global Registry of Agricultural Irrigation Networks,
Person,Saswati Das,high,R1,ORCID supplied,nominator x1,1,https://orcid.org/0000-0001-8306-0516,https://orcid.org/0000-0001-8306-0516,,,,2020 TCCON Data Release,
Person,Scott Marshall,high,R1,ORCID supplied,nominator x1,1,https://orcid.org/0000-0001-8879-6514,https://orcid.org/0000-0001-8879-6514,,,,The Statewide California Earthquake Center Community Fault Model (CFM),
Person,Shane Elipot,high,R1,ORCID supplied,nominator x1,1,https://orcid.org/0000-0001-6051-5426,https://orcid.org/0000-0001-6051-5426,,,,"Hourly location, current velocity, and temperature collected from Global Drifter Program drifters world-wide",
Person,Siddharth Rout,high,R1,ORCID supplied,"creator x1, nominator x1",2,https://orcid.org/0000-0003-0865-0916,https://orcid.org/0000-0003-0865-0916,,,,Indian Subcontinent 2m Temperature Field,
Person,Sven Gilliams,high,R1,ORCID supplied,nominator x1,1,https://orcid.org/0000-0003-2243-2632,https://orcid.org/0000-0003-2243-2632,,,,WorldCereal Harmonized Reference Datasets,
Person,Sylvain Barbot,high,R1,ORCID supplied,nominator x1,1,https://orcid.org/0000-0003-4257-7409,https://orcid.org/0000-0003-4257-7409,,,,Frictional behavior of quartz and clay mixtures,
Person,Tae Kim,high,R1,ORCID supplied,nominator x1,1,https://orcid.org/0000-0003-0764-9569,https://orcid.org/0000-0003-0764-9569,,,,OMNI,
Person,Tatsuhiko Sato,high,R1,ORCID supplied,"creator x1, nominator x1",2,https://orcid.org/0000-0001-9902-7083,https://orcid.org/0000-0001-9902-7083,,,,PARMA/EXPACS,
Person,Ted A Scambos,high,R1,ORCID supplied,nominator x1,1,https://orcid.org/0000-0003-4268-6322,https://orcid.org/0000-0003-4268-6322,,,,ITS_LIVE Global Ice Velocity,
Person,Terry Sohl,high,R1,ORCID supplied,nominator x1,1,https://orcid.org/0000-0002-9771-4231,https://orcid.org/0000-0002-9771-4231,,,,National Land Cover Database (NLCD),
Person,Thiago V M do Nascimento,high,R1,ORCID supplied,nominator x1,1,https://orcid.org/0000-0001-6213-8310,https://orcid.org/0000-0001-6213-8310,,,,EStreams,
Person,Thomas Westerhold,high,R1,ORCID supplied,nominator x1,1,https://orcid.org/0000-0001-8151-4684,https://orcid.org/0000-0001-8151-4684,,,,Cenozoic Global Reference benthic foraminifer carbon and oxygen Isotope Dataset (CENOGRID),
Person,Tobias Braun,high,R1,ORCID supplied,nominator x1,1,https://orcid.org/0000-0002-3095-8960,https://orcid.org/0000-0002-3095-8960,,,,ARTMIP Database,
Person,Tracey Holloway,high,R1,ORCID supplied,nominator x1,1,https://orcid.org/0000-0002-8488-408X,https://orcid.org/0000-0002-8488-408X,,,,"SatPM2.5 (Satellite-derived PM2.5) with current versions: V6.GL.02.04 (global, 1998–2023, Convolutional Neural Network based calibration), V5.GL.05.02 (global, 1998–2023, Geographically Weighted Regression based calibration), and V5.NA.05/V5.NA.05.02 (North American, 2000–2023, compositional PM2.5)",
Person,Trevor Keenan,high,R1,ORCID supplied,nominator x1,1,https://orcid.org/0000-0002-3347-0258,https://orcid.org/0000-0002-3347-0258,,,,FLUXNET 2015,
Person,Voltaire A. Velazco,high,R1,ORCID supplied,nominator x1,1,https://orcid.org/0000-0002-1376-438X,https://orcid.org/0000-0002-1376-438X,,,,Ozone data collection at WOUDC,
Person,Wenhao Dong,high,R1,ORCID supplied,nominator x1,1,https://orcid.org/0000-0002-5662-5435,https://orcid.org/0000-0002-5662-5435,,,,China Meteorological Forcing Dataset,
Person,Weston Anderson,high,R1,ORCID supplied,nominator x1,1,https://orcid.org/0000-0003-3755-9943,https://orcid.org/0000-0003-3755-9943,,,,HarvestStat Africa,
Person,Wouter Knoben,high,R1,ORCID supplied,nominator x1,1,https://orcid.org/0000-0001-8301-3787,https://orcid.org/0000-0001-8301-3787,,,,Catchment Attributes and MEteorology for Large-sample Studies (CAMELS),
Person,Xiaoyi Zhao,high,R1,ORCID supplied,nominator x1,1,https://orcid.org/0000-0003-4784-4502,https://orcid.org/0000-0003-4784-4502,,,,Ozone data collection at WOUDC,
Person,Xueyuan Gao,high,R1,ORCID supplied,nominator x1,1,https://orcid.org/0000-0003-2997-2332,https://orcid.org/0000-0003-2997-2332,,,,Tropical moist forest restoration type map,
Person,Yosuke Aoki,high,R1,ORCID supplied,nominator x1,1,https://orcid.org/0000-0002-2539-4144,https://orcid.org/0000-0002-2539-4144,,,,GEONET,
Person,Yuan Li,high,R1,ORCID supplied,"creator x1, nominator x1",2,https://orcid.org/0000-0002-5974-0295,https://orcid.org/0000-0002-5974-0295,,,,Increased mineral-associated organic carbon and persistent molecules in allochthonous blue carbon ecosystems,
Person,"Yuhan ""Douglas"" Rao",high,R1,ORCID supplied,nominator x1,1,https://orcid.org/0000-0001-6850-3403,https://orcid.org/0000-0001-6850-3403,,,,NOAA Climate Data Records,
Person,Zachary Labe,high,R1,ORCID supplied,nominator x1,1,https://orcid.org/0000-0002-6394-7651,https://orcid.org/0000-0002-6394-7651,,,,Sea Ice Index,
Person,Zhong Liu,high,R1,ORCID supplied,nominator x2,2,https://orcid.org/0000-0001-8150-7556,https://orcid.org/0000-0001-8150-7556,,,,GPCP Version 3.3 Satellite-Gauge (SG) Combined Precipitation Data Set | NCEP/CPC L3 Half Hourly 4km Global (60S - 60N) Merged IR,
Person,Christina Arras,medium,R2,agent of an EndorseAction; the form collects one person,nominator x1,1,,urn:org:agu:data:impactful-datasets:id:person:christina-arras,,,,GNSS Radio Occultation data set atmPhs/ConPhs,
Person,Greg Kopp,medium,R2,agent of an EndorseAction; the form collects one person,nominator x1,1,,urn:org:agu:data:impactful-datasets:id:person:greg-kopp,,,,Total Solar Irradiance from Space,
Person,Md Golam Mostafa,medium,R2,agent of an EndorseAction; the form collects one person,nominator x1,1,,urn:org:agu:data:impactful-datasets:id:person:md-golam-mostafa,,,,World Wide Lightning Location Network (WWLLN) Dataset,
Person,Mike Timmons,medium,R2,agent of an EndorseAction; the form collects one person,nominator x1,1,,urn:org:agu:data:impactful-datasets:id:person:mike-timmons,,,,The National Geologic Map Database (NGMDB),
Person,Oana Leahu-Aluas,medium,R2,agent of an EndorseAction; the form collects one person,nominator x1,1,,urn:org:agu:data:impactful-datasets:id:person:oana-leahu-aluas,,,,Climate Ready DC: What does it mean to be Climate Ready?,
Person,Zoltan Szantoi,medium,R2,agent of an EndorseAction; the form collects one person,nominator x1,1,,urn:org:agu:data:impactful-datasets:id:person:zoltan-szantoi,,,,ESA WorldCereal 10 m 2021 v100,
agu:ResponsibleParty,"(Committee and Co-Chairs): Christine Shields, Travis O’Brien, Jonathan Rutz, Allison Collow, Juan Lora,, Paul Ullrich, L. Ruby Leung, F. Martin Ralph, Michael Wehner, Ashley Payne",low,R11,"no ORCID, not reviewed; nothing supports a narrower type",creator x1,1,,urn:org:agu:data:impactful-datasets:id:party:committee-and-co-chairs-christine-shields-travis-o-brien-jonathan-rutz,,,,ARTMIP Database,
agu:ResponsibleParty,"1000s globally, curated in US by Dept of Energy LBL in US, by multiple groups globally",low,R11,"no ORCID, not reviewed; nothing supports a narrower type",creator x1,1,,urn:org:agu:data:impactful-datasets:id:party:1000s-globally-curated-in-us-by-dept-of-energy-lbl-in-us-by-multiple-g,,,,Fluxnet (or Ameriflux for N America),
agu:ResponsibleParty,"A. P. Joshi, Prasanna Kanti Ghoshal, Kunal Chakraborty, Rajdeep Roy, Chiranjivi Jayaram, B. Sridevi, V. V. S. S. Sarma",low,R11,"no ORCID, not reviewed; nothing supports a narrower type",creator x1,1,,urn:org:agu:data:impactful-datasets:id:party:a-p-joshi-prasanna-kanti-ghoshal-kunal-chakraborty-rajdeep-roy-chiranj,,,,INCOIS_TA,
agu:ResponsibleParty,Aarhus University & Greenland Institute of Natural Resources,low,R11,"no ORCID, not reviewed; nothing supports a narrower type",creator x1,1,,urn:org:agu:data:impactful-datasets:id:party:aarhus-university-greenland-institute-of-natural-resources,,,,Greenland Ecosystem Monitoring (GEM) – MarineBasis,
agu:ResponsibleParty,"Ahmadisharaf, Ebrahim",low,R11,"no ORCID, not reviewed; nothing supports a narrower type",creator x1,1,,urn:org:agu:data:impactful-datasets:id:party:ahmadisharaf-ebrahim,,,,"Hurricanes, mold & respiratory health issues",
agu:ResponsibleParty,AIRS Science Team,low,R11,"no ORCID, not reviewed; nothing supports a narrower type",creator x1,1,,urn:org:agu:data:impactful-datasets:id:party:airs-science-team,,,,Atmospheric Infrared Sounder (AIRS),
agu:ResponsibleParty,Albrecht Hofmann,low,R11,"no ORCID, not reviewed; nothing supports a narrower type",creator x1,1,,urn:org:agu:data:impactful-datasets:id:party:albrecht-hofmann,,,,The GEOROC database,
agu:ResponsibleParty,"Alden, Kyle",low,R11,"no ORCID, not reviewed; nothing supports a narrower type",creator x1,1,,urn:org:agu:data:impactful-datasets:id:party:alden-kyle,,,,"EnvClim Grids: Global Urban Environmental Vulnerability and Climate Risk, 500m Resolution (circa 2020–2050)",
agu:ResponsibleParty,"Alex Gardner, Joe Kennedy, Maria Liukis, Mark Fahnestock, Chad Greene, Luis Lòpez, Ted Scambos",low,R11,"no ORCID, not reviewed; nothing supports a narrower type",creator x1,1,,urn:org:agu:data:impactful-datasets:id:party:alex-gardner-joe-kennedy-maria-liukis-mark-fahnestock-chad-greene-luis,,,,ITS_LIVE Global Ice Velocity,
agu:ResponsibleParty,Alexander Dickson,low,R11,"no ORCID, not reviewed; nothing supports a narrower type",creator x1,1,,urn:org:agu:data:impactful-datasets:id:party:alexander-dickson,,,,Cenomanian-Turonian Eagle Ford Research: Core dataset,
agu:ResponsibleParty,Alexandra Miller,low,R11,"no ORCID, not reviewed; nothing supports a narrower type",creator x1,1,,urn:org:agu:data:impactful-datasets:id:party:alexandra-miller,,,,United States Groundwater Well Database (USGWD),
agu:ResponsibleParty,Alexandru T. Codilean and Henry Munack,low,R11,"no ORCID, not reviewed; nothing supports a narrower type",curator x1,1,,urn:org:agu:data:impactful-datasets:id:party:alexandru-t-codilean-and-henry-munack,,,,OCTOPUS database,
agu:ResponsibleParty,"Alexandru T. Codilean, Henry Munack, et al.",low,R11,"no ORCID, not reviewed; nothing supports a narrower type",creator x1,1,,urn:org:agu:data:impactful-datasets:id:party:alexandru-t-codilean-henry-munack-et-al,,,,OCTOPUS database,
agu:ResponsibleParty,all of the COCCON PIs,low,R11,"no ORCID, not reviewed; nothing supports a narrower type",creator x1,1,,urn:org:agu:data:impactful-datasets:id:party:all-of-the-coccon-pis,,,,The Collaborative Carbon Column Observing Network (COCCON),
agu:ResponsibleParty,"Allen, Joseph",low,R11,"no ORCID, not reviewed; nothing supports a narrower type",creator x1,1,,urn:org:agu:data:impactful-datasets:id:party:allen-joseph,,,,"Hurricanes, mold & respiratory health issues",
agu:ResponsibleParty,Alonso Ramirez and Marcelo Ardon,low,R11,"no ORCID, not reviewed; nothing supports a narrower type","creator x1, curator x1",2,,urn:org:agu:data:impactful-datasets:id:party:alonso-ramirez-and-marcelo-ardon,,,,"Long-term chemistry from streams at La Selva Biological Station, Costa Rica",
agu:ResponsibleParty,and Ashutosh Sharma,low,R11,"no ORCID, not reviewed; nothing supports a narrower type",creator x1,1,,urn:org:agu:data:impactful-datasets:id:party:and-ashutosh-sharma,,,,CAMELS-IND (Catchment Attributes and Meteorology for Large-sample Studies - India),
agu:ResponsibleParty,Andreas P. Ahlstrøm,low,R11,"no ORCID, not reviewed; nothing supports a narrower type",creator x1,1,,urn:org:agu:data:impactful-datasets:id:party:andreas-p-ahlstr-m,,,,Greenland liquid water discharge from 1958 through 2019,
agu:ResponsibleParty,"Andreas Plesch, Scott T. Marshall, John H. Shaw",low,R11,"no ORCID, not reviewed; nothing supports a narrower type",creator x1,1,,urn:org:agu:data:impactful-datasets:id:party:andreas-plesch-scott-t-marshall-john-h-shaw,,,,The Statewide California Earthquake Center Community Fault Model (CFM),
agu:ResponsibleParty,Andrew Fisher and Ariana L. McDermott (GES DISC),low,R11,"no ORCID, not reviewed; nothing supports a narrower type",curator x1,1,,urn:org:agu:data:impactful-datasets:id:party:andrew-fisher-and-ariana-l-mcdermott-ges-disc,,,,GLDAS Catchment Land Surface Model L4 daily 0.25 x 0.25 degree GRACE-DA1 V2.2,
agu:ResponsibleParty,Andrew Lucas,low,R11,"no ORCID, not reviewed; nothing supports a narrower type",creator x1,1,,urn:org:agu:data:impactful-datasets:id:party:andrew-lucas,,,,SWOT Post-Launch Field Campaign Data,
agu:ResponsibleParty,Andrey K. Savtchenko (andrey.k.savtchenko@nasa.gov),low,R11,"no ORCID, not reviewed; nothing supports a narrower type",curator x1,1,,urn:org:agu:data:impactful-datasets:id:party:andrey-k-savtchenko-andrey-k-savtchenko-nasa-gov,,,,Integrated Multi-satellitE Retrievals for the Global Precipitation Measurement (GPM) mission (IMERG),
agu:ResponsibleParty,Arnaud Masson,low,R11,"no ORCID, not reviewed; nothing supports a narrower type",curator x1,1,,urn:org:agu:data:impactful-datasets:id:party:arnaud-masson,,,,Geospace Regions and Magnetospheric Boundaries (GRMB) identification dataset,
agu:ResponsibleParty,Arne Arns,low,R11,"no ORCID, not reviewed; nothing supports a narrower type",creator x1,1,,urn:org:agu:data:impactful-datasets:id:party:arne-arns,,,,Global Extreme Sea Level Analysis (GESLA),
agu:ResponsibleParty,Arun Pratihast,low,R11,"no ORCID, not reviewed; nothing supports a narrower type",creator x1,1,,urn:org:agu:data:impactful-datasets:id:party:arun-pratihast,,,,WorldCereal Harmonized Reference Datasets,
agu:ResponsibleParty,ASIA-AQ Science Team,low,R11,"no ORCID, not reviewed; nothing supports a narrower type",creator x1,1,,urn:org:agu:data:impactful-datasets:id:party:asia-aq-science-team,,,,Airborne and Satellite Investigation of Air Quality,
agu:ResponsibleParty,Atlantic Oceanographic & Meteorological Laboratory (AOML),low,R11,"no ORCID, not reviewed; nothing supports a narrower type",curator x1,1,,urn:org:agu:data:impactful-datasets:id:party:atlantic-oceanographic-meteorological-laboratory-aoml,,,,Argo,
agu:ResponsibleParty,AuScope Geochemistry Network,low,R11,"no ORCID, not reviewed; nothing supports a narrower type",curator x2,2,,urn:org:agu:data:impactful-datasets:id:party:auscope-geochemistry-network,,,,Australian Thermochronology - 2002 and prior | Australian Thermochronology - 2002 to 2022,
agu:ResponsibleParty,"Azimi, Parham",low,R11,"no ORCID, not reviewed; nothing supports a narrower type",creator x1,1,,urn:org:agu:data:impactful-datasets:id:party:azimi-parham,,,,"Hurricanes, mold & respiratory health issues",
agu:ResponsibleParty,"Bailing Li, Matthew Rodell, Sujay Kumar, Hiroko Kato Beaudoing, Augusto Getirana, Benjamin F. Zaitchik, Luis Gustavo de Goncalves, Camila Cossetin, Soumendra Bhanja, Abhijit Mukherjee, Siyuan Tian, Natthachet Tangdamrongsub, Di Long, Jamiat Nanteza, Jejung Lee, Frederick Policelli, Ibrahim B. Goni, Djoret Daira, Mohammed Bila, Gabriëlle de Lannoy, David Mocko, Susan C. Steele-Dunne, Himanshu Save, Srinivas Bettadpur",low,R11,"no ORCID, not reviewed; nothing supports a narrower type",creator x1,1,,urn:org:agu:data:impactful-datasets:id:party:bailing-li-matthew-rodell-sujay-kumar-hiroko-kato-beaudoing-augusto-ge,,,,GLDAS Catchment Land Surface Model L4 daily 0.25 x 0.25 degree GRACE-DA1 V2.2,
agu:ResponsibleParty,"Barry Kohn, Andrew Gleadow, Roderick Brown, Kerry Gallagher, Paul O'Sullivan, David Foster, Samuel Boone, Malcolm McMillan",low,R11,"no ORCID, not reviewed; nothing supports a narrower type",creator x1,1,,urn:org:agu:data:impactful-datasets:id:party:barry-kohn-andrew-gleadow-roderick-brown-kerry-gallagher-paul-o-sulliv,,,,Australian Thermochronology - 2002 and prior,
agu:ResponsibleParty,"Becker, T., Behr, W. Bekaert, D., Bird, P., Chapman, D., Cooke, M., Fielding, E., J. Floyd, Funning, G., González Ortega, A., Govorcin, M., Guns, K., Hardebeck, J., Hauksson, E., Hearn, E., Herring, T., Hirth, G., Houston, H., Johnson, K., Kreemer, C., Liu, Z., Loveless, J., Luttrell, K., Maechling, P. J., Marshall, S., Materna, K., Meade, B., Montesi, L., Oskin, M.,Plesch, A., Prejean, S., Sangha, S., Shaw, M., Shen, Z.-K., Shen, Z., Shinevar, W., Skoumal, R., Small, P. E. Smith-Konter, B., Su, M.-H Thatcher, W., Tymofyeyeva, E., Wang, K., & Xu, X., Yang, W., & Zeng, Y",low,R11,"no ORCID, not reviewed; nothing supports a narrower type",creator x1,1,,urn:org:agu:data:impactful-datasets:id:party:becker-t-behr-w-bekaert-d-bird-p-chapman-d-cooke-m-fielding-e-j-floyd,,,,Community Earth Models,
agu:ResponsibleParty,Ben Bond-Lamberty,low,R11,"no ORCID, not reviewed; nothing supports a narrower type",creator x1,1,,urn:org:agu:data:impactful-datasets:id:party:ben-bond-lamberty,,,,Soil Respiration Database,
agu:ResponsibleParty,Ben Hague,low,R11,"no ORCID, not reviewed; nothing supports a narrower type",creator x1,1,,urn:org:agu:data:impactful-datasets:id:party:ben-hague,,,,Global Extreme Sea Level Analysis (GESLA),
agu:ResponsibleParty,Ben Livneh,low,R11,"no ORCID, not reviewed; nothing supports a narrower type","creator x1, curator x1",2,,urn:org:agu:data:impactful-datasets:id:party:ben-livneh,,,,Livneh Hydrometeorological dataset,
agu:ResponsibleParty,"Benjamin Grison, Institute of Atmospheric Physics, Czech Academy of Science, Czechia, grison@ufa.cas.cz",low,R11,"no ORCID, not reviewed; nothing supports a narrower type",creator x1,1,,urn:org:agu:data:impactful-datasets:id:party:benjamin-grison-institute-of-atmospheric-physics-czech-academy-of-scie,,,,Geospace Regions and Magnetospheric Boundaries (GRMB) identification dataset,
agu:ResponsibleParty,"Bilotto, Franco",low,R11,"no ORCID, not reviewed; nothing supports a narrower type",creator x1,1,,urn:org:agu:data:impactful-datasets:id:party:bilotto-franco,,,,"Annual crop-specific management history of phosphorus fertilizer input (CMH-P) in the croplands of United States from 1850 to 2022: Application rate, timing, and method",
agu:ResponsibleParty,"Bollenbacher, John",low,R11,"no ORCID, not reviewed; nothing supports a narrower type",creator x1,1,,urn:org:agu:data:impactful-datasets:id:party:bollenbacher-john,,,,Gridded U.S. Anthropogenic Methane Greenhouse Gas Inventory (gridded GHGI),
agu:ResponsibleParty,Brandon O. Mitchell <brandon.o.mitchell@nasa.gov>,low,R11,"no ORCID, not reviewed; nothing supports a narrower type",curator x1,1,,urn:org:agu:data:impactful-datasets:id:party:brandon-o-mitchell-brandon-o-mitchell-nasa-gov,,,,Integrated Multi-satellitE Retrievals for the Global Precipitation Measurement (GPM) mission (IMERG),
agu:ResponsibleParty,"Brian Wang, BrianWang@lbl.gov",low,R11,"no ORCID, not reviewed; nothing supports a narrower type",curator x1,1,,urn:org:agu:data:impactful-datasets:id:party:brian-wang-brianwang-lbl-gov,,,,Fluxnet (or Ameriflux for N America),
agu:ResponsibleParty,Brice Noël,low,R11,"no ORCID, not reviewed; nothing supports a narrower type",creator x1,1,,urn:org:agu:data:impactful-datasets:id:party:brice-no-l,,,,Greenland liquid water discharge from 1958 through 2019,
agu:ResponsibleParty,Bridget Thrasher,low,R11,"no ORCID, not reviewed; nothing supports a narrower type",creator x1,1,,urn:org:agu:data:impactful-datasets:id:party:bridget-thrasher,,,,NASA Earth Exchange Global Daily Downscaled Projections (NEX-GDDP) CMIP5 & CMIP 6,
agu:ResponsibleParty,Brigitte Stoll,low,R11,"no ORCID, not reviewed; nothing supports a narrower type",curator x1,1,,urn:org:agu:data:impactful-datasets:id:party:brigitte-stoll,,,,GeoReM,
agu:ResponsibleParty,"Burnette, Andrew",low,R11,"no ORCID, not reviewed; nothing supports a narrower type",creator x1,1,,urn:org:agu:data:impactful-datasets:id:party:burnette-andrew,,,,Gridded U.S. Anthropogenic Methane Greenhouse Gas Inventory (gridded GHGI),
agu:ResponsibleParty,but there have been many contributors to GPW over the years,low,R11,"no ORCID, not reviewed; nothing supports a narrower type",creator x1,1,,urn:org:agu:data:impactful-datasets:id:party:but-there-have-been-many-contributors-to-gpw-over-the-years,,,,Gridded Population of the World (GPW),
agu:ResponsibleParty,Bärbel Sarbas,low,R11,"no ORCID, not reviewed; nothing supports a narrower type",creator x1,1,,urn:org:agu:data:impactful-datasets:id:party:b-rbel-sarbas,,,,The GEOROC database,
agu:ResponsibleParty,"Caballero, Christian",low,R11,"no ORCID, not reviewed; nothing supports a narrower type",creator x1,1,,urn:org:agu:data:impactful-datasets:id:party:caballero-christian,,,,"Hurricanes, mold & respiratory health issues",
agu:ResponsibleParty,Cal-Adapt Analytics Engine,low,R11,"no ORCID, not reviewed; nothing supports a narrower type",curator x1,1,,urn:org:agu:data:impactful-datasets:id:party:cal-adapt-analytics-engine,,,,California Climate Projections,
agu:ResponsibleParty,Camilla Green. Over the years,low,R11,"no ORCID, not reviewed; nothing supports a narrower type",creator x1,1,,urn:org:agu:data:impactful-datasets:id:party:camilla-green-over-the-years,,,,Gridded Population of the World (GPW),
agu:ResponsibleParty,"Cao, Peiyu",low,R11,"no ORCID, not reviewed; nothing supports a narrower type",creator x1,1,,urn:org:agu:data:impactful-datasets:id:party:cao-peiyu,,,,"Annual crop-specific management history of phosphorus fertilizer input (CMH-P) in the croplands of United States from 1850 to 2022: Application rate, timing, and method",
agu:ResponsibleParty,"Carle Pieters, Takehiro Hiroi, Ralph Milliken (Brown U RELAB)",low,R11,"no ORCID, not reviewed; nothing supports a narrower type",creator x1,1,,urn:org:agu:data:impactful-datasets:id:party:carle-pieters-takehiro-hiroi-ralph-milliken-brown-u-relab,,,,RELAB spectral library at Brown University,
agu:ResponsibleParty,CEM Leaders,low,R11,"no ORCID, not reviewed; nothing supports a narrower type",curator x1,1,,urn:org:agu:data:impactful-datasets:id:party:cem-leaders,,,,Community Earth Models,
agu:ResponsibleParty,"Centurioni, Luca",low,R11,"no ORCID, not reviewed; nothing supports a narrower type",creator x1,1,,urn:org:agu:data:impactful-datasets:id:party:centurioni-luca,,,,"Hourly location, current velocity, and temperature collected from Global Drifter Program drifters world-wide",
agu:ResponsibleParty,Chaoqun Lu,low,R11,"no ORCID, not reviewed; nothing supports a narrower type",creator x1,1,,urn:org:agu:data:impactful-datasets:id:party:chaoqun-lu,,,,Agricultural nitrogen fertilizer uses in the continental U.S. during 1850-2015: a set of gridded time-series data,
agu:ResponsibleParty,Charles Chien-Hung Lin,low,R11,"no ORCID, not reviewed; nothing supports a narrower type",creator x1,1,,urn:org:agu:data:impactful-datasets:id:party:charles-chien-hung-lin,,,,FORMOSAT-7/COSMIC-2 Global Ionospheric Specification,
agu:ResponsibleParty,Charlotte Van Haren,low,R11,"no ORCID, not reviewed; nothing supports a narrower type",creator x1,1,,urn:org:agu:data:impactful-datasets:id:party:charlotte-van-haren,,,,WorldCereal Harmonized Reference Datasets,
agu:ResponsibleParty,Chi-Yen Lin,low,R11,"no ORCID, not reviewed; nothing supports a narrower type",creator x1,1,,urn:org:agu:data:impactful-datasets:id:party:chi-yen-lin,,,,FORMOSAT-7/COSMIC-2 Global Ionospheric Specification,
agu:ResponsibleParty,Christin Buechner cbuechner@lbl.gov,low,R11,"no ORCID, not reviewed; nothing supports a narrower type",curator x1,1,,urn:org:agu:data:impactful-datasets:id:party:christin-buechner-cbuechner-lbl-gov,,,,Fluxnet (or Ameriflux for N America),
agu:ResponsibleParty,"Christine A. Shields, ARTMIP",low,R11,"no ORCID, not reviewed; nothing supports a narrower type",curator x1,1,,urn:org:agu:data:impactful-datasets:id:party:christine-a-shields-artmip,,,,ARTMIP Database,
agu:ResponsibleParty,Chung-Yi Lin,low,R11,"no ORCID, not reviewed; nothing supports a narrower type",creator x1,1,,urn:org:agu:data:impactful-datasets:id:party:chung-yi-lin,,,,United States Groundwater Well Database (USGWD),
agu:ResponsibleParty,Ciara Dorsay,low,R11,"no ORCID, not reviewed; nothing supports a narrower type",creator x1,1,,urn:org:agu:data:impactful-datasets:id:party:ciara-dorsay,,,,Sofar Spotter Data Archive,
agu:ResponsibleParty,CIESIN (Alex de Sherbinin and formerly Robert Chen),low,R11,"no ORCID, not reviewed; nothing supports a narrower type",curator x1,1,,urn:org:agu:data:impactful-datasets:id:party:ciesin-alex-de-sherbinin-and-formerly-robert-chen,,,,Gridded Population of the World (GPW),
agu:ResponsibleParty,CIESIN is the organizational author,low,R11,"no ORCID, not reviewed; nothing supports a narrower type",creator x1,1,,urn:org:agu:data:impactful-datasets:id:party:ciesin-is-the-organizational-author,,,,Gridded Population of the World (GPW),
agu:ResponsibleParty,"Clette Frédéric, Lefèvre Laure",low,R11,"no ORCID, not reviewed; nothing supports a narrower type",creator x1,1,,urn:org:agu:data:impactful-datasets:id:party:clette-fr-d-ric-lef-vre-laure,,,,International Sunspot Number,
agu:ResponsibleParty,"Coffield, Shane",low,R11,"no ORCID, not reviewed; nothing supports a narrower type",creator x1,1,,urn:org:agu:data:impactful-datasets:id:party:coffield-shane,,,,Gridded U.S. Anthropogenic Methane Greenhouse Gas Inventory (gridded GHGI),
agu:ResponsibleParty,Columbia University,low,R11,"no ORCID, not reviewed; nothing supports a narrower type",curator x1,1,,urn:org:agu:data:impactful-datasets:id:party:columbia-university,,,,North American Multi-Model Ensemble (NMME) and Subseasonal Experiment (SubX),
agu:ResponsibleParty,Cooperative Global Atmospheric Data Integration Project,low,R11,"no ORCID, not reviewed; nothing supports a narrower type",creator x1,1,,urn:org:agu:data:impactful-datasets:id:party:cooperative-global-atmospheric-data-integration-project,,,,NOAA Observation Package,
agu:ResponsibleParty,"Coxen, Christopher",low,R11,"no ORCID, not reviewed; nothing supports a narrower type",creator x1,1,,urn:org:agu:data:impactful-datasets:id:party:coxen-christopher,,,,Gridded U.S. Anthropogenic Methane Greenhouse Gas Inventory (gridded GHGI),
agu:ResponsibleParty,CUAHSI,low,R11,"no ORCID, not reviewed; nothing supports a narrower type",curator x3,3,,urn:org:agu:data:impactful-datasets:id:party:cuahsi,,,,ChemLotUS: A Benchmark Data Set of Lotic Chemistry Across US River Networks | Stable isotope tempestology database | United States Groundwater Well Database (USGWD),
agu:ResponsibleParty,Curator: Xin Li (xinli@itpcas.ac.cn),low,R11,"no ORCID, not reviewed; nothing supports a narrower type",curator x1,1,,urn:org:agu:data:impactful-datasets:id:party:curator-xin-li-xinli-itpcas-ac-cn,,,,China Meteorological Forcing Dataset,
agu:ResponsibleParty,"current (WOD@#) version authors: Mishonov A.V., T. P. Boyer, O. K. Baranova, C. N. Bouchard, S. Cross, H. E. Garcia, R. A. Locarnini, C. R. Paver, J. R. Reagan, Z. Wang, D. Seidov, A. I. Grodsky, J. G. Beauchamp",low,R11,"no ORCID, not reviewed; nothing supports a narrower type",creator x1,1,,urn:org:agu:data:impactful-datasets:id:party:current-wod-version-authors-mishonov-a-v-t-p-boyer-o-k-baranova-c-n-bo,,,,World Ocean Database,
agu:ResponsibleParty,"Daisuke Suetsugu, Hajime Shiobara, Hiroko Sugioka, et al.",low,R11,"no ORCID, not reviewed; nothing supports a narrower type","creator x1, curator x1",2,,urn:org:agu:data:impactful-datasets:id:party:daisuke-suetsugu-hajime-shiobara-hiroko-sugioka-et-al,,,,TIARES Seafloor Data,
agu:ResponsibleParty,"Dan Cayan, David Pierce, Stefan Rahimi, Benjamin Bass, Lu Su, Dennis Lettenmaier, Alex Hall",low,R11,"no ORCID, not reviewed; nothing supports a narrower type",creator x1,1,,urn:org:agu:data:impactful-datasets:id:party:dan-cayan-david-pierce-stefan-rahimi-benjamin-bass-lu-su-dennis-letten,,,,California Climate Projections,
agu:ResponsibleParty,Daniel Minisini,low,R11,"no ORCID, not reviewed; nothing supports a narrower type",creator x1,1,,urn:org:agu:data:impactful-datasets:id:party:daniel-minisini,,,,Cenomanian-Turonian Eagle Ford Research: Core dataset,
agu:ResponsibleParty,"Danielle Christianson, DSChristianson@lbl.gov",low,R11,"no ORCID, not reviewed; nothing supports a narrower type",curator x1,1,,urn:org:agu:data:impactful-datasets:id:party:danielle-christianson-dschristianson-lbl-gov,,,,Fluxnet (or Ameriflux for N America),
agu:ResponsibleParty,Darko Dubravica,low,R11,"no ORCID, not reviewed; nothing supports a narrower type",creator x1,1,,urn:org:agu:data:impactful-datasets:id:party:darko-dubravica,,,,The Collaborative Carbon Column Observing Network (COCCON),
agu:ResponsibleParty,"Data governance and management is handled by Neotoma's network of Constituent Databases, each of which curates a particular kind of paleoenvironmental proxy data, organized by proxy type, region, and/or geological time work. Within this network, dozens of Data Stewards, upload and curate data in Neotoma.",low,R11,"no ORCID, not reviewed; nothing supports a narrower type",curator x1,1,,urn:org:agu:data:impactful-datasets:id:party:data-governance-and-management-is-handled-by-neotoma-s-network-of-cons,,,,Neotoma Paleoecology Database,
agu:ResponsibleParty,"Dave Keeling, Ralph Keeling",low,R11,"no ORCID, not reviewed; nothing supports a narrower type",creator x1,1,,urn:org:agu:data:impactful-datasets:id:party:dave-keeling-ralph-keeling,,,,The Keeling Curve CO2 time series,
agu:ResponsibleParty,"David Soller, Senior Program Scientist for the National Geologic Map Database,",low,R11,"no ORCID, not reviewed; nothing supports a narrower type",creator x1,1,,urn:org:agu:data:impactful-datasets:id:party:david-soller-senior-program-scientist-for-the-national-geologic-map-da,,,,The National Geologic Map Database (NGMDB),
agu:ResponsibleParty,"de Sherbinin, Alex",low,R11,"no ORCID, not reviewed; nothing supports a narrower type",creator x1,1,,urn:org:agu:data:impactful-datasets:id:party:de-sherbinin-alex,,,,"EnvClim Grids: Global Urban Environmental Vulnerability and Climate Risk, 500m Resolution (circa 2020–2050)",
agu:ResponsibleParty,DIGIS team,low,R11,"no ORCID, not reviewed; nothing supports a narrower type",creator x1,1,,urn:org:agu:data:impactful-datasets:id:party:digis-team,,,,The GEOROC database,
agu:ResponsibleParty,Digital Geochemical Infrastructure (DIGIS) team,low,R11,"no ORCID, not reviewed; nothing supports a narrower type",curator x1,1,,urn:org:agu:data:impactful-datasets:id:party:digital-geochemical-infrastructure-digis-team,,,,The GEOROC database,
agu:ResponsibleParty,Dirk van As,low,R11,"no ORCID, not reviewed; nothing supports a narrower type",creator x1,1,,urn:org:agu:data:impactful-datasets:id:party:dirk-van-as,,,,Greenland liquid water discharge from 1958 through 2019,
agu:ResponsibleParty,"Donghoon Lee, Weston Anderson, and co-authors",low,R11,"no ORCID, not reviewed; nothing supports a narrower type",creator x1,1,,urn:org:agu:data:impactful-datasets:id:party:donghoon-lee-weston-anderson-and-co-authors,,,,HarvestStat Africa,
agu:ResponsibleParty,"Dr. Colleen Rosales, Chris Hagerbaumer, Russ Biggs",low,R11,"no ORCID, not reviewed; nothing supports a narrower type",curator x1,1,,urn:org:agu:data:impactful-datasets:id:party:dr-colleen-rosales-chris-hagerbaumer-russ-biggs,,,,OpenAQ,
agu:ResponsibleParty,Dubayah et al. (2022),low,R11,"no ORCID, not reviewed; nothing supports a narrower type",creator x1,1,,urn:org:agu:data:impactful-datasets:id:party:dubayah-et-al-2022,,,,GEDI02_B GEDI L2B Footprint Level Canopy Cover and Vertical Profile Metrics,
agu:ResponsibleParty,"Earth Sciences New Zealand, GeoNet project team, Data Manager: Jonathan Hanson, contact: info@geonet.org.nz",low,R11,"no ORCID, not reviewed; nothing supports a narrower type",curator x1,1,,urn:org:agu:data:impactful-datasets:id:party:earth-sciences-new-zealand-geonet-project-team-data-manager-jonathan-h,,,,GeoNet (NZ) Geohazard Monitoring Datasets,
agu:ResponsibleParty,EarthChem Team,low,R11,"no ORCID, not reviewed; nothing supports a narrower type",curator x1,1,,urn:org:agu:data:impactful-datasets:id:party:earthchem-team,,,,PetDB,
agu:ResponsibleParty,EarthScope Data Services,low,R11,"no ORCID, not reviewed; nothing supports a narrower type",curator x1,1,,urn:org:agu:data:impactful-datasets:id:party:earthscope-data-services,,,,USArray Transportable Array,
agu:ResponsibleParty,"EcoHydro Lab, Department of Hydrology, Indian Institute of Technology Roorkee",low,R11,"no ORCID, not reviewed; nothing supports a narrower type",curator x1,1,,urn:org:agu:data:impactful-datasets:id:party:ecohydro-lab-department-of-hydrology-indian-institute-of-technology-ro,,,,CAMELS-IND (Catchment Attributes and Meteorology for Large-sample Studies - India),
agu:ResponsibleParty,"Elipot, Shane",low,R11,"no ORCID, not reviewed; nothing supports a narrower type",creator x1,1,,urn:org:agu:data:impactful-datasets:id:party:elipot-shane,,,,"Hourly location, current velocity, and temperature collected from Global Drifter Program drifters world-wide",
agu:ResponsibleParty,Elizabeth A. Silber and Rodney W. Whitaker,low,R11,"no ORCID, not reviewed; nothing supports a narrower type","creator x1, curator x1",2,,urn:org:agu:data:impactful-datasets:id:party:elizabeth-a-silber-and-rodney-w-whitaker,,,,Historical Bolide Infrasound Dataset (1960-1972),
agu:ResponsibleParty,Elizabeth Bradshaw,low,R11,"no ORCID, not reviewed; nothing supports a narrower type",creator x1,1,,urn:org:agu:data:impactful-datasets:id:party:elizabeth-bradshaw,,,,Global Extreme Sea Level Analysis (GESLA),
agu:ResponsibleParty,"Ellermeier, Nathan",low,R11,"no ORCID, not reviewed; nothing supports a narrower type",creator x1,1,,urn:org:agu:data:impactful-datasets:id:party:ellermeier-nathan,,,,Gridded U.S. Anthropogenic Methane Greenhouse Gas Inventory (gridded GHGI),
agu:ResponsibleParty,Endalkachew Abebe Kebede and Kyle Frankel Davis,low,R11,"no ORCID, not reviewed; nothing supports a narrower type",curator x1,1,,urn:org:agu:data:impactful-datasets:id:party:endalkachew-abebe-kebede-and-kyle-frankel-davis,,,,A global open-source dataset of monthly irrigated and rainfed cropped areas (MIRCA-OS) for the 21st century,
agu:ResponsibleParty,"Endalkachew Kebede, Kevin Ong’are Oluoch, Stefan Siebert,Piyush Mehta, Sarah Hartman,Jonas Jägermeyr, Deepak Ray, Tariq Ali, Kate A. Brauman, Qinyu Deng, Wei Xie, Kyle Frankel Davis",low,R11,"no ORCID, not reviewed; nothing supports a narrower type",creator x1,1,,urn:org:agu:data:impactful-datasets:id:party:endalkachew-kebede-kevin-ong-are-oluoch-stefan-siebert-piyush-mehta-sa,,,,A global open-source dataset of monthly irrigated and rainfed cropped areas (MIRCA-OS) for the 21st century,
agu:ResponsibleParty,"Enze Zhang, Ginny Catania, Daniel Trugman",low,R11,"no ORCID, not reviewed; nothing supports a narrower type",creator x1,1,,urn:org:agu:data:impactful-datasets:id:party:enze-zhang-ginny-catania-daniel-trugman,,,,AutoTerm,
agu:ResponsibleParty,Erin Doxsey-Whitfield,low,R11,"no ORCID, not reviewed; nothing supports a narrower type",creator x1,1,,urn:org:agu:data:impactful-datasets:id:party:erin-doxsey-whitfield,,,,Gridded Population of the World (GPW),
agu:ResponsibleParty,Erin Garnaas-Holmes at the DC Department of Energy and Environment,low,R11,"no ORCID, not reviewed; nothing supports a narrower type",creator x1,1,,urn:org:agu:data:impactful-datasets:id:party:erin-garnaas-holmes-at-the-dc-department-of-energy-and-environment,,,,Climate Ready DC: What does it mean to be Climate Ready?,
agu:ResponsibleParty,Fabrizio Fenicia,low,R11,"no ORCID, not reviewed; nothing supports a narrower type",creator x1,1,,urn:org:agu:data:impactful-datasets:id:party:fabrizio-fenicia,,,,EStreams,
agu:ResponsibleParty,"Farhat, Yasmine",low,R11,"no ORCID, not reviewed; nothing supports a narrower type",creator x1,1,,urn:org:agu:data:impactful-datasets:id:party:farhat-yasmine,,,,Gridded U.S. Anthropogenic Methane Greenhouse Gas Inventory (gridded GHGI),
agu:ResponsibleParty,"Fetterer, F., Knowles, K., Meier, W. N., Savoie, M., Windnagel, A. K. & Stafford, T.",low,R11,"no ORCID, not reviewed; nothing supports a narrower type",creator x1,1,,urn:org:agu:data:impactful-datasets:id:party:fetterer-f-knowles-k-meier-w-n-savoie-m-windnagel-a-k-stafford-t,,,,Sea Ice Index,
agu:ResponsibleParty,"Fetterer, F., Meier, W. N., Windnagel, A. K. & Stafford, T.",low,R11,"no ORCID, not reviewed; nothing supports a narrower type",curator x1,1,,urn:org:agu:data:impactful-datasets:id:party:fetterer-f-meier-w-n-windnagel-a-k-stafford-t,,,,Sea Ice Index,
agu:ResponsibleParty,"Fianna O’Brien, flobrien@lbl.gov",low,R11,"no ORCID, not reviewed; nothing supports a narrower type",curator x1,1,,urn:org:agu:data:impactful-datasets:id:party:fianna-o-brien-flobrien-lbl-gov,,,,Fluxnet (or Ameriflux for N America),
agu:ResponsibleParty,Flemish Institute for Technological Research (VITO),low,R11,"no ORCID, not reviewed; nothing supports a narrower type",curator x1,1,,urn:org:agu:data:impactful-datasets:id:party:flemish-institute-for-technological-research-vito,,,,WorldCereal Harmonized Reference Datasets,
agu:ResponsibleParty,FLUXNET Coordination Project / AmeriFlux Management Project / ICOS,low,R11,"no ORCID, not reviewed; nothing supports a narrower type",curator x1,1,,urn:org:agu:data:impactful-datasets:id:party:fluxnet-coordination-project-ameriflux-management-project-icos,,,,FLUXNET 2015,
agu:ResponsibleParty,Frank Hase,low,R11,"no ORCID, not reviewed; nothing supports a narrower type",creator x1,1,,urn:org:agu:data:impactful-datasets:id:party:frank-hase,,,,The Collaborative Carbon Column Observing Network (COCCON),
agu:ResponsibleParty,Franziska Lechleitner,low,R11,"no ORCID, not reviewed; nothing supports a narrower type",creator x1,1,,urn:org:agu:data:impactful-datasets:id:party:franziska-lechleitner,,,,"Speleothem Isotope Synthesis and AnaLysis v1, v1b, v2, v3",
agu:ResponsibleParty,"Fraser King, Claire Pettersen",low,R11,"no ORCID, not reviewed; nothing supports a narrower type",creator x1,1,,urn:org:agu:data:impactful-datasets:id:party:fraser-king-claire-pettersen,,,,A Comprehensive Northern Hemisphere Particle Microphysics Dataset from the Precipitation Imaging Package,
agu:ResponsibleParty,"Geodetic Observation Center, Geospatial Information Authority of Japan",low,R11,"no ORCID, not reviewed; nothing supports a narrower type",curator x1,1,,urn:org:agu:data:impactful-datasets:id:party:geodetic-observation-center-geospatial-information-authority-of-japan,,,,GEONET,
agu:ResponsibleParty,"Geoinformatics Research Group, Lamont-Doherty Earth Observatory",low,R11,"no ORCID, not reviewed; nothing supports a narrower type",curator x1,1,,urn:org:agu:data:impactful-datasets:id:party:geoinformatics-research-group-lamont-doherty-earth-observatory,,,,Astromaterials Data Synthesis,
agu:ResponsibleParty,"George J. Huffman, David T. Bolvin, Robert Joyce, Eric J. Nelkin, Erich F. Stocker, Jackson Tan",low,R11,"no ORCID, not reviewed; nothing supports a narrower type",creator x1,1,,urn:org:agu:data:impactful-datasets:id:party:george-j-huffman-david-t-bolvin-robert-joyce-eric-j-nelkin-erich-f-sto,,,,Integrated Multi-satellitE Retrievals for the Global Precipitation Measurement (GPM) mission (IMERG),
agu:ResponsibleParty,"Gilberto Pastorello, GZPastorello@lbl.gov",low,R11,"no ORCID, not reviewed; nothing supports a narrower type",curator x1,1,,urn:org:agu:data:impactful-datasets:id:party:gilberto-pastorello-gzpastorello-lbl-gov,,,,Fluxnet (or Ameriflux for N America),
agu:ResponsibleParty,"Global Estimates (V6.GL.02.04): Siyuan Shen, Chi Li, Aaron van Donkelaar, Nathan Jacobs, Chenguang Wang, & Randall V. Martin",low,R11,"no ORCID, not reviewed; nothing supports a narrower type",creator x1,1,,urn:org:agu:data:impactful-datasets:id:party:global-estimates-v6-gl-02-04-siyuan-shen-chi-li-aaron-van-donkelaar-na,,,,"SatPM2.5 (Satellite-derived PM2.5) with current versions: V6.GL.02.04 (global, 1998–2023, Convolutional Neural Network based calibration), V5.GL.05.02 (global, 1998–2023, Geographically Weighted Regression based calibration), and V5.NA.05/V5.NA.05.02 (North American, 2000–2023, compositional PM2.5)",
agu:ResponsibleParty,"Global/Regional Estimates (V5.GL.05.02): Aaron van Donkelaar, Melanie S. Hammer, Liam Bindle, Michael Brauer, Jeffery R. Brook, Michael J. Garay, N. Christina Hsu, Olga V. Kalashnikova, Ralph A. Kahn, Colin Lee, Robert C. Levy, Alexei Lyapustin, Andrew M. Sayer, & Randall V. Martin",low,R11,"no ORCID, not reviewed; nothing supports a narrower type",creator x1,1,,urn:org:agu:data:impactful-datasets:id:party:global-regional-estimates-v5-gl-05-02-aaron-van-donkelaar-melanie-s-ha,,,,"SatPM2.5 (Satellite-derived PM2.5) with current versions: V6.GL.02.04 (global, 1998–2023, Convolutional Neural Network based calibration), V5.GL.05.02 (global, 1998–2023, Geographically Weighted Regression based calibration), and V5.NA.05/V5.NA.05.02 (North American, 2000–2023, compositional PM2.5)",
agu:ResponsibleParty,GLODAP reference group,low,R11,"no ORCID, not reviewed; nothing supports a narrower type",curator x1,1,,urn:org:agu:data:impactful-datasets:id:party:glodap-reference-group,,,,Global Ocean Data Analysis Project (GLODAP),
agu:ResponsibleParty,GLODAP reference group (https://glodap.info/index.php/group/),low,R11,"no ORCID, not reviewed; nothing supports a narrower type",creator x1,1,,urn:org:agu:data:impactful-datasets:id:party:glodap-reference-group-https-glodap-info-index-php-group,,,,Global Ocean Data Analysis Project (GLODAP),
agu:ResponsibleParty,Goddard Modeling and Assimilation Office (GMAO),low,R11,"no ORCID, not reviewed; nothing supports a narrower type",creator x1,1,,urn:org:agu:data:impactful-datasets:id:party:goddard-modeling-and-assimilation-office-gmao,,,,"Modern-Era Retrospective analysis for Research and Applications, Version 2 (MERRA-2)",
agu:ResponsibleParty,"Gonzalez Fischer, Carlos",low,R11,"no ORCID, not reviewed; nothing supports a narrower type",creator x1,1,,urn:org:agu:data:impactful-datasets:id:party:gonzalez-fischer-carlos,,,,"Annual crop-specific management history of phosphorus fertilizer input (CMH-P) in the croplands of United States from 1850 to 2022: Application rate, timing, and method",
agu:ResponsibleParty,Greenland Ecosystem Monitoring,low,R11,"no ORCID, not reviewed; nothing supports a narrower type",curator x1,1,,urn:org:agu:data:impactful-datasets:id:party:greenland-ecosystem-monitoring,,,,Greenland Ecosystem Monitoring (GEM) – MarineBasis,
agu:ResponsibleParty,"Greg Kopp, Richard Willson, Claus Fröhlich, Robert Lee, J. Hickey, D. Hoyt",low,R11,"no ORCID, not reviewed; nothing supports a narrower type",creator x1,1,,urn:org:agu:data:impactful-datasets:id:party:greg-kopp-richard-willson-claus-fr-hlich-robert-lee-j-hickey-d-hoyt,,,,Total Solar Irradiance from Space,
agu:ResponsibleParty,"Greg Kopp, University of Colorado",low,R11,"no ORCID, not reviewed; nothing supports a narrower type",curator x1,1,,urn:org:agu:data:impactful-datasets:id:party:greg-kopp-university-of-colorado,,,,Total Solar Irradiance from Space,
agu:ResponsibleParty,Group-name that support the dataset: Atmospheric Composition Analysis Group (ACAG) at Washington University in St. Louis,low,R11,"no ORCID, not reviewed; nothing supports a narrower type",curator x1,1,,urn:org:agu:data:impactful-datasets:id:party:group-name-that-support-the-dataset-atmospheric-composition-analysis-g,,,,"SatPM2.5 (Satellite-derived PM2.5) with current versions: V6.GL.02.04 (global, 1998–2023, Convolutional Neural Network based calibration), V5.GL.05.02 (global, 1998–2023, Geographically Weighted Regression based calibration), and V5.NA.05/V5.NA.05.02 (North American, 2000–2023, compositional PM2.5)",
agu:ResponsibleParty,Hendrik Boogaard,low,R11,"no ORCID, not reviewed; nothing supports a narrower type",creator x1,1,,urn:org:agu:data:impactful-datasets:id:party:hendrik-boogaard,,,,WorldCereal Harmonized Reference Datasets,
agu:ResponsibleParty,"Herrero, Mario",low,R11,"no ORCID, not reviewed; nothing supports a narrower type",creator x1,1,,urn:org:agu:data:impactful-datasets:id:party:herrero-mario,,,,"Annual crop-specific management history of phosphorus fertilizer input (CMH-P) in the croplands of United States from 1850 to 2022: Application rate, timing, and method",
agu:ResponsibleParty,"Herwig, Kirstin",low,R11,"no ORCID, not reviewed; nothing supports a narrower type",creator x1,1,,urn:org:agu:data:impactful-datasets:id:party:herwig-kirstin,,,,GeoReM,
agu:ResponsibleParty,Ho-Fang Tsai,low,R11,"no ORCID, not reviewed; nothing supports a narrower type",creator x1,1,,urn:org:agu:data:impactful-datasets:id:party:ho-fang-tsai,,,,FORMOSAT-7/COSMIC-2 Global Ionospheric Specification,
agu:ResponsibleParty,"Hofmann, Albrecht W.",low,R11,"no ORCID, not reviewed; nothing supports a narrower type",creator x1,1,,urn:org:agu:data:impactful-datasets:id:party:hofmann-albrecht-w,,,,GeoReM,
agu:ResponsibleParty,"Hook, S., & Hulley, G. (2022)",low,R11,"no ORCID, not reviewed; nothing supports a narrower type",creator x1,1,,urn:org:agu:data:impactful-datasets:id:party:hook-s-hulley-g-2022,,,,ECOSTRESS Tiled Land Surface Temperature and Emissivity Instantaneous L2 Global 70 m V002,
agu:ResponsibleParty,"Housen Chu, hchu@lbl.gov",low,R11,"no ORCID, not reviewed; nothing supports a narrower type",curator x1,1,,urn:org:agu:data:impactful-datasets:id:party:housen-chu-hchu-lbl-gov,,,,Fluxnet (or Ameriflux for N America),
agu:ResponsibleParty,"Huffman, G.J., A. Behrangi, D.T. Bolvin, and E.J. Nelkin",low,R11,"no ORCID, not reviewed; nothing supports a narrower type",creator x1,1,,urn:org:agu:data:impactful-datasets:id:party:huffman-g-j-a-behrangi-d-t-bolvin-and-e-j-nelkin,,,,GPCP Version 3.3 Satellite-Gauge (SG) Combined Precipitation Data Set,
agu:ResponsibleParty,Hydrological Modelling Group (Eawag),low,R11,"no ORCID, not reviewed; nothing supports a narrower type",curator x1,1,,urn:org:agu:data:impactful-datasets:id:party:hydrological-modelling-group-eawag,,,,EStreams,
agu:ResponsibleParty,i.e. Wageningen Environmental Research (WENR),low,R11,"no ORCID, not reviewed; nothing supports a narrower type",curator x1,1,,urn:org:agu:data:impactful-datasets:id:party:i-e-wageningen-environmental-research-wenr,,,,WorldCereal Harmonized Reference Datasets,
agu:ResponsibleParty,IAEA - many,low,R11,"no ORCID, not reviewed; nothing supports a narrower type",creator x1,1,,urn:org:agu:data:impactful-datasets:id:party:iaea-many,,,,Global Network of Isotopes in Precipitation - The GNIP Database,
agu:ResponsibleParty,"IGS Central Bureau, IGS Operational products coordination components",low,R11,"no ORCID, not reviewed; nothing supports a narrower type",curator x1,1,,urn:org:agu:data:impactful-datasets:id:party:igs-central-bureau-igs-operational-products-coordination-components,,,,International GNSS Service (IGS) Data and Products,
agu:ResponsibleParty,IGS components,low,R11,"no ORCID, not reviewed; nothing supports a narrower type",creator x1,1,,urn:org:agu:data:impactful-datasets:id:party:igs-components,,,,International GNSS Service (IGS) Data and Products,
agu:ResponsibleParty,including Greg Yetman,low,R11,"no ORCID, not reviewed; nothing supports a narrower type",creator x1,1,,urn:org:agu:data:impactful-datasets:id:party:including-greg-yetman,,,,Gridded Population of the World (GPW),
agu:ResponsibleParty,INCOIS Data Management Team,low,R11,"no ORCID, not reviewed; nothing supports a narrower type",curator x1,1,,urn:org:agu:data:impactful-datasets:id:party:incois-data-management-team,,,,INCOIS_TA,
agu:ResponsibleParty,Institut de Physique du Globe de Paris (IPGP) and Ecole et Observatoire des Sciences de la Terre de Strabourg (EOST),low,R11,"no ORCID, not reviewed; nothing supports a narrower type",creator x1,1,,urn:org:agu:data:impactful-datasets:id:party:institut-de-physique-du-globe-de-paris-ipgp-and-ecole-et-observatoire,,,,Geoscope Network Seismic Data,
agu:ResponsibleParty,International GNSS Service (IGS),low,R11,"no ORCID, not reviewed; nothing supports a narrower type","creator x1, curator x1",2,,urn:org:agu:data:impactful-datasets:id:party:international-gnss-service-igs,,,,"Ground-Based Global Navigation Satellite System (GNSS) Hatanaka-compressed Observation Data (1-second sampling, sub-hourly files)",
agu:ResponsibleParty,International Institute for Applied Systems Analysis (IIASA),low,R11,"no ORCID, not reviewed; nothing supports a narrower type",curator x1,1,,urn:org:agu:data:impactful-datasets:id:party:international-institute-for-applied-systems-analysis-iiasa,,,,WorldCereal Harmonized Reference Datasets,
agu:ResponsibleParty,interns who have contributed,low,R11,"no ORCID, not reviewed; nothing supports a narrower type",creator x1,1,,urn:org:agu:data:impactful-datasets:id:party:interns-who-have-contributed,,,,Gridded Population of the World (GPW),
agu:ResponsibleParty,IPGP,low,R11,"no ORCID, not reviewed; nothing supports a narrower type",curator x1,1,,urn:org:agu:data:impactful-datasets:id:party:ipgp,,,,Geoscope Network Seismic Data,
agu:ResponsibleParty,IRIS Data Management Center,low,R11,"no ORCID, not reviewed; nothing supports a narrower type",creator x1,1,,urn:org:agu:data:impactful-datasets:id:party:iris-data-management-center,,,,USArray Transportable Array,
agu:ResponsibleParty,Isabel Houghton,low,R11,"no ORCID, not reviewed; nothing supports a narrower type",creator x1,1,,urn:org:agu:data:impactful-datasets:id:party:isabel-houghton,,,,Sofar Spotter Data Archive,
agu:ResponsibleParty,Ivan Haigh,low,R11,"no ORCID, not reviewed; nothing supports a narrower type",creator x1,1,,urn:org:agu:data:impactful-datasets:id:party:ivan-haigh,,,,Global Extreme Sea Level Analysis (GESLA),
agu:ResponsibleParty,Ivan Haigh and Elizabeth Bradshaw.,low,R11,"no ORCID, not reviewed; nothing supports a narrower type",curator x1,1,,urn:org:agu:data:impactful-datasets:id:party:ivan-haigh-and-elizabeth-bradshaw,,,,Global Extreme Sea Level Analysis (GESLA),
agu:ResponsibleParty,J.T. Morris and K. Sundberg,low,R11,"no ORCID, not reviewed; nothing supports a narrower type",creator x2,2,,urn:org:agu:data:impactful-datasets:id:party:j-t-morris-and-k-sundberg,,,,"LTREB: Aboveground biomass, plant density, annual aboveground productivity, plant heights and snail observations in control and fertilized plots in a Spartina alterniflora-dominated salt marsh, North Inlet, Georgetown, SC: 1984-2024 | Porewater nutrient concentrations in control and fertilized plots in a Spartina alterniflora-dominated salt marsh, North Inlet, Georgetown, SC : 1993-2024",
agu:ResponsibleParty,Jacob R. Schaperow <jacob.r.schaperow@nasa.gov>,low,R11,"no ORCID, not reviewed; nothing supports a narrower type",curator x1,1,,urn:org:agu:data:impactful-datasets:id:party:jacob-r-schaperow-jacob-r-schaperow-nasa-gov,,,,Integrated Multi-satellitE Retrievals for the Global Precipitation Measurement (GPM) mission (IMERG),
agu:ResponsibleParty,James S. Eldrett,low,R11,"no ORCID, not reviewed; nothing supports a narrower type",curator x1,1,,urn:org:agu:data:impactful-datasets:id:party:james-s-eldrett,,,,Cenomanian-Turonian Eagle Ford Research: Core dataset,
agu:ResponsibleParty,James. S. Eldrett,low,R11,"no ORCID, not reviewed; nothing supports a narrower type",creator x1,1,,urn:org:agu:data:impactful-datasets:id:party:james-s-eldrett,,,,Cenomanian-Turonian Eagle Ford Research: Core dataset,
agu:ResponsibleParty,Jan Seibert,low,R11,"no ORCID, not reviewed; nothing supports a narrower type",creator x1,1,,urn:org:agu:data:impactful-datasets:id:party:jan-seibert,,,,EStreams,
agu:ResponsibleParty,Jann-Yenq Liu,low,R11,"no ORCID, not reviewed; nothing supports a narrower type",creator x1,1,,urn:org:agu:data:impactful-datasets:id:party:jann-yenq-liu,,,,FORMOSAT-7/COSMIC-2 Global Ionospheric Specification,
agu:ResponsibleParty,"Japan Atomic Energy Agency, 765-1 Funaishikawa, Tokai-mura, Naka-gun, Ibaraki 319-1184, Japan",low,R11,"no ORCID, not reviewed; nothing supports a narrower type",creator x1,1,,urn:org:agu:data:impactful-datasets:id:party:japan-atomic-energy-agency-765-1-funaishikawa-tokai-mura-naka-gun-ibar,,,,Worldclim,
agu:ResponsibleParty,Jeff Sevadjian,low,R11,"no ORCID, not reviewed; nothing supports a narrower type",creator x1,1,,urn:org:agu:data:impactful-datasets:id:party:jeff-sevadjian,,,,SWOT Post-Launch Field Campaign Data,
agu:ResponsibleParty,Jens Hartmann & Nils Moosdorf,low,R11,"no ORCID, not reviewed; nothing supports a narrower type",creator x1,1,,urn:org:agu:data:impactful-datasets:id:party:jens-hartmann-nils-moosdorf,,,,Global Lithological Map (GLIM) v1.0,
agu:ResponsibleParty,Jeroen Degerickx,low,R11,"no ORCID, not reviewed; nothing supports a narrower type",creator x1,1,,urn:org:agu:data:impactful-datasets:id:party:jeroen-degerickx,,,,WorldCereal Harmonized Reference Datasets,
agu:ResponsibleParty,"Jesslyn Brown, Heather Tollerud, Suming Jin, Jon Dewitz,",low,R11,"no ORCID, not reviewed; nothing supports a narrower type",creator x1,1,,urn:org:agu:data:impactful-datasets:id:party:jesslyn-brown-heather-tollerud-suming-jin-jon-dewitz,,,,National Land Cover Database (NLCD),
agu:ResponsibleParty,"Jie He, Kun Yang, Xin Li, Wenjun Tang, Changkun Shao, Yaozhi Jiang, Baohong Ding",low,R11,"no ORCID, not reviewed; nothing supports a narrower type",creator x1,1,,urn:org:agu:data:impactful-datasets:id:party:jie-he-kun-yang-xin-li-wenjun-tang-changkun-shao-yaozhi-jiang-baohong,,,,China Meteorological Forcing Dataset,
agu:ResponsibleParty,Jinbo Wang,low,R11,"no ORCID, not reviewed; nothing supports a narrower type",creator x1,1,,urn:org:agu:data:impactful-datasets:id:party:jinbo-wang,,,,SWOT Post-Launch Field Campaign Data,
agu:ResponsibleParty,"Jing Gao, Brian O'Neill, Martino Pesaresi",low,R11,"no ORCID, not reviewed; nothing supports a narrower type",creator x1,1,,urn:org:agu:data:impactful-datasets:id:party:jing-gao-brian-o-neill-martino-pesaresi,,,,"Global 1-km Downscaled Urban Land Fraction Grids, SSP-Consistent Projections and Base Year, v1 (2000 - 2100)",
agu:ResponsibleParty,"Jochum, Klaus Peter",low,R11,"no ORCID, not reviewed; nothing supports a narrower type",creator x1,1,,urn:org:agu:data:impactful-datasets:id:party:jochum-klaus-peter,,,,GeoReM,
agu:ResponsibleParty,"Joe Kennedy, Maria Liukis, Luis Lòpez",low,R11,"no ORCID, not reviewed; nothing supports a narrower type",curator x1,1,,urn:org:agu:data:impactful-datasets:id:party:joe-kennedy-maria-liukis-luis-l-pez,,,,ITS_LIVE Global Ice Velocity,
agu:ResponsibleParty,"John Bedford, Daniel Faulkner, Nadia Lapusta",low,R11,"no ORCID, not reviewed; nothing supports a narrower type",creator x1,1,,urn:org:agu:data:impactful-datasets:id:party:john-bedford-daniel-faulkner-nadia-lapusta,,,,Frictional behavior of quartz and clay mixtures,
agu:ResponsibleParty,John Hunter,low,R11,"no ORCID, not reviewed; nothing supports a narrower type",creator x1,1,,urn:org:agu:data:impactful-datasets:id:party:john-hunter,,,,Global Extreme Sea Level Analysis (GESLA),
agu:ResponsibleParty,John Kerfoot,low,R11,"no ORCID, not reviewed; nothing supports a narrower type",creator x1,1,,urn:org:agu:data:impactful-datasets:id:party:john-kerfoot,,,,SWOT Post-Launch Field Campaign Data,
agu:ResponsibleParty,Joseph H. King & Natalia E. Papitashvili,low,R11,"no ORCID, not reviewed; nothing supports a narrower type",creator x1,1,,urn:org:agu:data:impactful-datasets:id:party:joseph-h-king-natalia-e-papitashvili,,,,OMNI,
agu:ResponsibleParty,Juan Carlos Laso Bayas,low,R11,"no ORCID, not reviewed; nothing supports a narrower type",creator x1,1,,urn:org:agu:data:impactful-datasets:id:party:juan-carlos-laso-bayas,,,,WorldCereal Harmonized Reference Datasets,
agu:ResponsibleParty,Julia Rudlang,low,R11,"no ORCID, not reviewed; nothing supports a narrower type",creator x1,1,,urn:org:agu:data:impactful-datasets:id:party:julia-rudlang,,,,EStreams,
agu:ResponsibleParty,K. Sundberg,low,R11,"no ORCID, not reviewed; nothing supports a narrower type",curator x2,2,,urn:org:agu:data:impactful-datasets:id:party:k-sundberg,,,,"LTREB: Aboveground biomass, plant density, annual aboveground productivity, plant heights and snail observations in control and fertilized plots in a Spartina alterniflora-dominated salt marsh, North Inlet, Georgetown, SC: 1984-2024 | Porewater nutrient concentrations in control and fertilized plots in a Spartina alterniflora-dominated salt marsh, North Inlet, Georgetown, SC : 1993-2024",
agu:ResponsibleParty,Kamolphat Atsawawaranunt,low,R11,"no ORCID, not reviewed; nothing supports a narrower type",creator x1,1,,urn:org:agu:data:impactful-datasets:id:party:kamolphat-atsawawaranunt,,,,"Speleothem Isotope Synthesis and AnaLysis v1, v1b, v2, v3",
agu:ResponsibleParty,Kanneganti Bhargav Kumar,low,R11,"no ORCID, not reviewed; nothing supports a narrower type",creator x1,1,,urn:org:agu:data:impactful-datasets:id:party:kanneganti-bhargav-kumar,,,,CAMELS-IND (Catchment Attributes and Meteorology for Large-sample Studies - India),
agu:ResponsibleParty,"Katelyn Mountjoy, Eduard G. Reinhardt",low,R11,"no ORCID, not reviewed; nothing supports a narrower type",creator x1,1,,urn:org:agu:data:impactful-datasets:id:party:katelyn-mountjoy-eduard-g-reinhardt,,,,Yax Chen diatom analysis (Supplementary Information),
agu:ResponsibleParty,Katherine Todd-Brown (Data Coordinator) for ISCN data in general.,low,R11,"no ORCID, not reviewed; nothing supports a narrower type",creator x1,1,,urn:org:agu:data:impactful-datasets:id:party:katherine-todd-brown-data-coordinator-for-iscn-data-in-general,,,,International Soil Carbon Network (ISCN),
agu:ResponsibleParty,Keeling Lab,low,R11,"no ORCID, not reviewed; nothing supports a narrower type",curator x1,1,,urn:org:agu:data:impactful-datasets:id:party:keeling-lab,,,,The Keeling Curve CO2 time series,
agu:ResponsibleParty,Ken Kondo,low,R11,"no ORCID, not reviewed; nothing supports a narrower type",creator x1,1,,urn:org:agu:data:impactful-datasets:id:party:ken-kondo,,,,Greenland liquid water discharge from 1958 through 2019,
agu:ResponsibleParty,Kenneth D. Mankoff,low,R11,"no ORCID, not reviewed; nothing supports a narrower type",creator x1,1,,urn:org:agu:data:impactful-datasets:id:party:kenneth-d-mankoff,,,,Greenland liquid water discharge from 1958 through 2019,
agu:ResponsibleParty,"Kerstin Lehnert, Charlie Langmuir, EarthChem team",low,R11,"no ORCID, not reviewed; nothing supports a narrower type",creator x1,1,,urn:org:agu:data:impactful-datasets:id:party:kerstin-lehnert-charlie-langmuir-earthchem-team,,,,PetDB,
agu:ResponsibleParty,"Keshavarz, Zahra",low,R11,"no ORCID, not reviewed; nothing supports a narrower type",creator x1,1,,urn:org:agu:data:impactful-datasets:id:party:keshavarz-zahra,,,,"Hurricanes, mold & respiratory health issues",
agu:ResponsibleParty,Kirsty Langley,low,R11,"no ORCID, not reviewed; nothing supports a narrower type",creator x1,1,,urn:org:agu:data:impactful-datasets:id:party:kirsty-langley,,,,Greenland liquid water discharge from 1958 through 2019,
agu:ResponsibleParty,Kristof Van Tricht,low,R11,"no ORCID, not reviewed; nothing supports a narrower type",creator x1,1,,urn:org:agu:data:impactful-datasets:id:party:kristof-van-tricht,,,,WorldCereal Harmonized Reference Datasets,
agu:ResponsibleParty,"Kruskamp, Nicholas",low,R11,"no ORCID, not reviewed; nothing supports a narrower type",creator x1,1,,urn:org:agu:data:impactful-datasets:id:party:kruskamp-nicholas,,,,Gridded U.S. Anthropogenic Methane Greenhouse Gas Inventory (gridded GHGI),
agu:ResponsibleParty,Kytt MacManus,low,R11,"no ORCID, not reviewed; nothing supports a narrower type",creator x1,1,,urn:org:agu:data:impactful-datasets:id:party:kytt-macmanus,,,,Gridded Population of the World (GPW),
agu:ResponsibleParty,Laia COmas-Bru,low,R11,"no ORCID, not reviewed; nothing supports a narrower type",creator x1,1,,urn:org:agu:data:impactful-datasets:id:party:laia-comas-bru,,,,"Speleothem Isotope Synthesis and AnaLysis v1, v1b, v2, v3",
agu:ResponsibleParty,"Lammel, Esin",low,R11,"no ORCID, not reviewed; nothing supports a narrower type",creator x1,1,,urn:org:agu:data:impactful-datasets:id:party:lammel-esin,,,,GeoReM,
agu:ResponsibleParty,Landon T. Marston,low,R11,"no ORCID, not reviewed; nothing supports a narrower type",creator x1,1,,urn:org:agu:data:impactful-datasets:id:party:landon-t-marston,,,,United States Groundwater Well Database (USGWD),
agu:ResponsibleParty,Linda Pistolesi,low,R11,"no ORCID, not reviewed; nothing supports a narrower type",creator x1,1,,urn:org:agu:data:impactful-datasets:id:party:linda-pistolesi,,,,Gridded Population of the World (GPW),
agu:ResponsibleParty,"Liu, E Jen",low,R11,"no ORCID, not reviewed; nothing supports a narrower type",creator x1,1,,urn:org:agu:data:impactful-datasets:id:party:liu-e-jen,,,,"EnvClim Grids: Global Urban Environmental Vulnerability and Climate Risk, 500m Resolution (circa 2020–2050)",
agu:ResponsibleParty,"Lohman, Hannah",low,R11,"no ORCID, not reviewed; nothing supports a narrower type",creator x1,1,,urn:org:agu:data:impactful-datasets:id:party:lohman-hannah,,,,Gridded U.S. Anthropogenic Methane Greenhouse Gas Inventory (gridded GHGI),
agu:ResponsibleParty,"Lu, Chaoqun",low,R11,"no ORCID, not reviewed; nothing supports a narrower type",creator x1,1,,urn:org:agu:data:impactful-datasets:id:party:lu-chaoqun,,,,"Annual crop-specific management history of phosphorus fertilizer input (CMH-P) in the croplands of United States from 1850 to 2022: Application rate, timing, and method",
agu:ResponsibleParty,Lucien Nana Yobo,low,R11,"no ORCID, not reviewed; nothing supports a narrower type",creator x1,1,,urn:org:agu:data:impactful-datasets:id:party:lucien-nana-yobo,,,,Cenomanian-Turonian Eagle Ford Research: Core dataset,
agu:ResponsibleParty,Luke Nave (lead author of ISCN3 database) et al,low,R11,"no ORCID, not reviewed; nothing supports a narrower type",curator x1,1,,urn:org:agu:data:impactful-datasets:id:party:luke-nave-lead-author-of-iscn3-database-et-al,,,,International Soil Carbon Network (ISCN),
agu:ResponsibleParty,"Lumpkin, Rick",low,R11,"no ORCID, not reviewed; nothing supports a narrower type",creator x1,1,,urn:org:agu:data:impactful-datasets:id:party:lumpkin-rick,,,,"Hourly location, current velocity, and temperature collected from Global Drifter Program drifters world-wide",
agu:ResponsibleParty,Lynn DeWitt,low,R11,"no ORCID, not reviewed; nothing supports a narrower type",curator x1,1,,urn:org:agu:data:impactful-datasets:id:party:lynn-dewitt,,,,CalCOFI SIO Hydrographic CTD Bottle/Cast Data,
agu:ResponsibleParty,"Lynn deWitt, NOAA & Margaret O'Brien",low,R11,"no ORCID, not reviewed; nothing supports a narrower type",curator x1,1,,urn:org:agu:data:impactful-datasets:id:party:lynn-dewitt-noaa-margaret-o-brien,,,,"CALCOFI fish larvae at 66 standard stations, 1966 - ongoing",
agu:ResponsibleParty,"Maasakkers, Joannes",low,R11,"no ORCID, not reviewed; nothing supports a narrower type",creator x1,1,,urn:org:agu:data:impactful-datasets:id:party:maasakkers-joannes,,,,Gridded U.S. Anthropogenic Methane Greenhouse Gas Inventory (gridded GHGI),
agu:ResponsibleParty,"Mahabal Hegde (GES DISC Manager), or GES DISC Help Desk (gsfc-dl-help-disc@mail.nasa.gov)",low,R11,"no ORCID, not reviewed; nothing supports a narrower type",curator x1,1,,urn:org:agu:data:impactful-datasets:id:party:mahabal-hegde-ges-disc-manager-or-ges-disc-help-desk-gsfc-dl-help-disc,,,,NCEP/CPC L3 Half Hourly 4km Global (60S - 60N) Merged IR,
agu:ResponsibleParty,"Mahabal Hegde (GES DISC Manager), Zhong Liu (the curator), or GES DISC Help Desk (gsfc-dl-help-disc@mail.nasa.gov)",low,R11,"no ORCID, not reviewed; nothing supports a narrower type",curator x1,1,,urn:org:agu:data:impactful-datasets:id:party:mahabal-hegde-ges-disc-manager-zhong-liu-the-curator-or-ges-disc-help,,,,GPCP Version 3.3 Satellite-Gauge (SG) Combined Precipitation Data Set,
agu:ResponsibleParty,"Mahabaleshwara Hegde, Suhung Shen, Xiaohua Pan",low,R11,"no ORCID, not reviewed; nothing supports a narrower type",curator x1,1,,urn:org:agu:data:impactful-datasets:id:party:mahabaleshwara-hegde-suhung-shen-xiaohua-pan,,,,"Modern-Era Retrospective analysis for Research and Applications, Version 2 (MERRA-2)",
agu:ResponsibleParty,Many - https://www.earthdata.nasa.gov/data/projects/shift/data-access-tools,low,R11,"no ORCID, not reviewed; nothing supports a narrower type",creator x1,1,,urn:org:agu:data:impactful-datasets:id:party:many-https-www-earthdata-nasa-gov-data-projects-shift-data-access-tool,,,,Surface Biology and Geology (SBG) High Frequency Time Series,
agu:ResponsibleParty,Many site PIs (from more than 500 sites,low,R11,"no ORCID, not reviewed; nothing supports a narrower type",creator x1,1,,urn:org:agu:data:impactful-datasets:id:party:many-site-pis-from-more-than-500-sites,,,,Ozone data collection at WOUDC,
agu:ResponsibleParty,Margaret Torn mstorn@lbl.gov,low,R11,"no ORCID, not reviewed; nothing supports a narrower type",curator x1,1,,urn:org:agu:data:impactful-datasets:id:party:margaret-torn-mstorn-lbl-gov,,,,Fluxnet (or Ameriflux for N America),
agu:ResponsibleParty,Markus Hrachowitz,low,R11,"no ORCID, not reviewed; nothing supports a narrower type",creator x1,1,,urn:org:agu:data:impactful-datasets:id:party:markus-hrachowitz,,,,EStreams,
agu:ResponsibleParty,Marta Marcos,low,R11,"no ORCID, not reviewed; nothing supports a narrower type",creator x1,1,,urn:org:agu:data:impactful-datasets:id:party:marta-marcos,,,,Global Extreme Sea Level Analysis (GESLA),
agu:ResponsibleParty,"Martinez, Juan F.",low,R11,"no ORCID, not reviewed; nothing supports a narrower type",creator x1,1,,urn:org:agu:data:impactful-datasets:id:party:martinez-juan-f,,,,"EnvClim Grids: Global Urban Environmental Vulnerability and Climate Risk, 500m Resolution (circa 2020–2050)",
agu:ResponsibleParty,Marvin Höge,low,R11,"no ORCID, not reviewed; nothing supports a narrower type",creator x1,1,,urn:org:agu:data:impactful-datasets:id:party:marvin-h-ge,,,,EStreams,
agu:ResponsibleParty,"Matthew Hansen, Amy Pickens, Zhen Song",low,R11,"no ORCID, not reviewed; nothing supports a narrower type",creator x1,1,,urn:org:agu:data:impactful-datasets:id:party:matthew-hansen-amy-pickens-zhen-song,,,,OPERA Land Surface Disturbance Alert from Harmonized Landsat Sentinel-2 product (Version 1) OPERA_L3_DIST-ALERT-HLS_V1,
agu:ResponsibleParty,Micah Wilhelm,low,R11,"no ORCID, not reviewed; nothing supports a narrower type",creator x1,1,,urn:org:agu:data:impactful-datasets:id:party:micah-wilhelm,,,,"Speleothem Isotope Synthesis and AnaLysis v1, v1b, v2, v3",
agu:ResponsibleParty,Min-Yang Chou,low,R11,"no ORCID, not reviewed; nothing supports a narrower type",creator x1,1,,urn:org:agu:data:impactful-datasets:id:party:min-yang-chou,,,,FORMOSAT-7/COSMIC-2 Global Ionospheric Specification,
agu:ResponsibleParty,"Mishonov A.V., T. P. Boyer, O. K. Baranova, C. N. Bouchard, S. Cross, H. E. Garcia, R. A. Locarnini, C. R. Paver, J. R. Reagan, Z. Wang, D. Seidov, A. I. Grodsky, J. G. Beauchamp",low,R11,"no ORCID, not reviewed; nothing supports a narrower type",curator x1,1,,urn:org:agu:data:impactful-datasets:id:party:mishonov-a-v-t-p-boyer-o-k-baranova-c-n-bouchard-s-cross-h-e-garcia-r,,,,World Ocean Database,
agu:ResponsibleParty,Multiple sources,low,R11,"no ORCID, not reviewed; nothing supports a narrower type",creator x1,1,,urn:org:agu:data:impactful-datasets:id:party:multiple-sources,,,,OMNI,
agu:ResponsibleParty,Musab Waqar,low,R11,"no ORCID, not reviewed; nothing supports a narrower type",creator x1,1,,urn:org:agu:data:impactful-datasets:id:party:musab-waqar,,,,United States Groundwater Well Database (USGWD),
agu:ResponsibleParty,Máté Chappon,low,R11,"no ORCID, not reviewed; nothing supports a narrower type",creator x1,1,,urn:org:agu:data:impactful-datasets:id:party:m-t-chappon,,,,EStreams,
agu:ResponsibleParty,NASA ASDC,low,R11,"no ORCID, not reviewed; nothing supports a narrower type",curator x1,1,,urn:org:agu:data:impactful-datasets:id:party:nasa-asdc,,,,Airborne and Satellite Investigation of Air Quality,
agu:ResponsibleParty,NASA Goddard Earth Sciences (GES) Data and Information Services Center (DISC),low,R11,"no ORCID, not reviewed; nothing supports a narrower type",curator x1,1,,urn:org:agu:data:impactful-datasets:id:party:nasa-goddard-earth-sciences-ges-data-and-information-services-center-d,,,,OCO-2 and OCO-3,
agu:ResponsibleParty,NASA Planetary Data System Imaging Node,low,R11,"no ORCID, not reviewed; nothing supports a narrower type",curator x1,1,,urn:org:agu:data:impactful-datasets:id:party:nasa-planetary-data-system-imaging-node,,,,PDS Archive of LRO LROC Derived Products,
agu:ResponsibleParty,Natalia E. Papitashvili & SPDF,low,R11,"no ORCID, not reviewed; nothing supports a narrower type",curator x1,1,,urn:org:agu:data:impactful-datasets:id:party:natalia-e-papitashvili-spdf,,,,OMNI,
agu:ResponsibleParty,National Centers for Environmental Information,low,R11,"no ORCID, not reviewed; nothing supports a narrower type",creator x1,1,,urn:org:agu:data:impactful-datasets:id:party:national-centers-for-environmental-information,,,,NOAA Climate Data Records,
agu:ResponsibleParty,National Cooperative Geologic Mapping Program,low,R11,"no ORCID, not reviewed; nothing supports a narrower type",creator x1,1,,urn:org:agu:data:impactful-datasets:id:party:national-cooperative-geologic-mapping-program,,,,The National Geologic Map Database (NGMDB),
agu:ResponsibleParty,National Energy Technology Laboratory (NETL),low,R11,"no ORCID, not reviewed; nothing supports a narrower type",curator x1,1,,urn:org:agu:data:impactful-datasets:id:party:national-energy-technology-laboratory-netl,,,,National Energy Water Treatment and Speciation (NEWTS) Database,
agu:ResponsibleParty,NCEI Data Management Team,low,R11,"no ORCID, not reviewed; nothing supports a narrower type",curator x1,1,,urn:org:agu:data:impactful-datasets:id:party:ncei-data-management-team,,,,INCOIS_TA,
agu:ResponsibleParty,"Neotoma is governed by the Neotoma Leadership Council, a 14-member elected body. The 2026 NLC is: Quinn Asena, Jessica Blois, Don Charles, Thomas Giesecke, Suzette Flantua, Graciela Gil-Romera, Annika Herbert, Sarah Ivory, Bérangère Leys, Claudio Latorre, Suzanne Pilaar Birch, Alison Smith, Nichola Strandberg, John W. (Jack) Williams",low,R11,"no ORCID, not reviewed; nothing supports a narrower type",creator x1,1,,urn:org:agu:data:impactful-datasets:id:party:neotoma-is-governed-by-the-neotoma-leadership-council-a-14-member-elec,,,,Neotoma Paleoecology Database,
agu:ResponsibleParty,"Neotoma is supported by a community of dozens of Data Stewards, who upload and curate data in Neotoma.",low,R11,"no ORCID, not reviewed; nothing supports a narrower type",curator x1,1,,urn:org:agu:data:impactful-datasets:id:party:neotoma-is-supported-by-a-community-of-dozens-of-data-stewards-who-upl,,,,Neotoma Paleoecology Database,
agu:ResponsibleParty,New Zealand Institute for Earth Sciences (ESNZ),low,R11,"no ORCID, not reviewed; nothing supports a narrower type",creator x1,1,,urn:org:agu:data:impactful-datasets:id:party:new-zealand-institute-for-earth-sciences-esnz,,,,GeoNet (NZ) Geohazard Monitoring Datasets,
agu:ResponsibleParty,"Nicolas Fernandez, Matthew J. Cohen, James W. Jawitz",low,R11,"no ORCID, not reviewed; nothing supports a narrower type",creator x1,1,,urn:org:agu:data:impactful-datasets:id:party:nicolas-fernandez-matthew-j-cohen-james-w-jawitz,,,,ChemLotUS: A Benchmark Data Set of Lotic Chemistry Across US River Networks,
agu:ResponsibleParty,Nicolas FREYCHET,low,R11,"no ORCID, not reviewed; nothing supports a narrower type",creator x1,1,,urn:org:agu:data:impactful-datasets:id:party:nicolas-freychet,,,,Homogenized daily relative humidity series in China during 1960-2017,
agu:ResponsibleParty,Nikunj K. Mangukiya,low,R11,"no ORCID, not reviewed; nothing supports a narrower type",creator x1,1,,urn:org:agu:data:impactful-datasets:id:party:nikunj-k-mangukiya,,,,CAMELS-IND (Catchment Attributes and Meteorology for Large-sample Studies - India),
agu:ResponsibleParty,"Nirdesh Sharma, Manabendra Saharia, G.V. Ramana",low,R11,"no ORCID, not reviewed; nothing supports a narrower type",creator x1,1,,urn:org:agu:data:impactful-datasets:id:party:nirdesh-sharma-manabendra-saharia-g-v-ramana,,,,Indian Landslide Susceptibility Map (ILSM),
agu:ResponsibleParty,NOAA ERD,low,R11,"no ORCID, not reviewed; nothing supports a narrower type",curator x1,1,,urn:org:agu:data:impactful-datasets:id:party:noaa-erd,,,,CalCOFI SIO Hydrographic CTD Bottle/Cast Data,
agu:ResponsibleParty,NOAA National Centers for Environmental Information,low,R11,"no ORCID, not reviewed; nothing supports a narrower type",curator x1,1,,urn:org:agu:data:impactful-datasets:id:party:noaa-national-centers-for-environmental-information,,,,"Hourly location, current velocity, and temperature collected from Global Drifter Program drifters world-wide",
agu:ResponsibleParty,NOAA SWFSC,low,R11,"no ORCID, not reviewed; nothing supports a narrower type",creator x1,1,,urn:org:agu:data:impactful-datasets:id:party:noaa-swfsc,,,,"CALCOFI fish larvae at 66 standard stations, 1966 - ongoing",
agu:ResponsibleParty,"NOAA, NASA, Environment Canada, University of Miami",low,R11,"no ORCID, not reviewed; nothing supports a narrower type",creator x1,1,,urn:org:agu:data:impactful-datasets:id:party:noaa-nasa-environment-canada-university-of-miami,,,,North American Multi-Model Ensemble (NMME) and Subseasonal Experiment (SubX),
agu:ResponsibleParty,NOAA-OAR-AOML,low,R11,"no ORCID, not reviewed; nothing supports a narrower type",creator x1,1,,urn:org:agu:data:impactful-datasets:id:party:noaa-oar-aoml,,,,Argo,
agu:ResponsibleParty,"Nohl, Uwe",low,R11,"no ORCID, not reviewed; nothing supports a narrower type",creator x1,1,,urn:org:agu:data:impactful-datasets:id:party:nohl-uwe,,,,GeoReM,
agu:ResponsibleParty,"North American Regional Estimates with Composition (V5.NA.05 / V5.NA.05.02): Aaron van Donkelaar, Randall V. Martin, Bonne Ford, Chi Li, Amanda J. Pappin, Siyuan Shen, & Dandan Zhang",low,R11,"no ORCID, not reviewed; nothing supports a narrower type",creator x1,1,,urn:org:agu:data:impactful-datasets:id:party:north-american-regional-estimates-with-composition-v5-na-05-v5-na-05-0,,,,"SatPM2.5 (Satellite-derived PM2.5) with current versions: V6.GL.02.04 (global, 1998–2023, Convolutional Neural Network based calibration), V5.GL.05.02 (global, 1998–2023, Geographically Weighted Regression based calibration), and V5.NA.05/V5.NA.05.02 (North American, 2000–2023, compositional PM2.5)",
agu:ResponsibleParty,"Nunn, C.",low,R11,"no ORCID, not reviewed; nothing supports a narrower type",creator x1,1,,urn:org:agu:data:impactful-datasets:id:party:nunn-c,,,,XA (1969-1977): Apollo Passive Seismic Experiments,
agu:ResponsibleParty,OCO-2 and -3 operations & science teams,low,R11,"no ORCID, not reviewed; nothing supports a narrower type",creator x1,1,,urn:org:agu:data:impactful-datasets:id:party:oco-2-and-3-operations-science-teams,,,,OCO-2 & -3 XCO2 & SIF,
agu:ResponsibleParty,OCO-2/3 Science Team,low,R11,"no ORCID, not reviewed; nothing supports a narrower type",curator x1,1,,urn:org:agu:data:impactful-datasets:id:party:oco-2-3-science-team,,,,OCO-2,
agu:ResponsibleParty,"OCO-2/OCO-3 Science Team, Vivienne Payne, Abhishek Chatterjee",low,R11,"no ORCID, not reviewed; nothing supports a narrower type",creator x3,3,,urn:org:agu:data:impactful-datasets:id:party:oco-2-oco-3-science-team-vivienne-payne-abhishek-chatterjee,,,,OCO-2 | OCO-2 and OCO-3 | OCO-2 Level 2 bias-corrected XCO2,
agu:ResponsibleParty,OpenAQ,low,R11,"no ORCID, not reviewed; nothing supports a narrower type",creator x1,1,,urn:org:agu:data:impactful-datasets:id:party:openaq,,,,OpenAQ,
agu:ResponsibleParty,"OpenTopography Facility, San Diego Supercomputer Center, University of California San Diego",low,R11,"no ORCID, not reviewed; nothing supports a narrower type",creator x1,1,,urn:org:agu:data:impactful-datasets:id:party:opentopography-facility-san-diego-supercomputer-center-university-of-c,,,,OpenTopography,
agu:ResponsibleParty,Oscar Schofield,low,R11,"no ORCID, not reviewed; nothing supports a narrower type",creator x1,1,,urn:org:agu:data:impactful-datasets:id:party:oscar-schofield,,,,SWOT Post-Launch Field Campaign Data,
agu:ResponsibleParty,over 150 contributors),low,R11,"no ORCID, not reviewed; nothing supports a narrower type",creator x1,1,,urn:org:agu:data:impactful-datasets:id:party:over-150-contributors,,,,Ozone data collection at WOUDC,
agu:ResponsibleParty,P. K. Rajesh,low,R11,"no ORCID, not reviewed; nothing supports a narrower type",creator x1,1,,urn:org:agu:data:impactful-datasets:id:party:p-k-rajesh,,,,FORMOSAT-7/COSMIC-2 Global Ionospheric Specification,
agu:ResponsibleParty,"Pacific Institute for Studies in Development, Environment, and Security (www.pacinst.org and www.worldwater.org)",low,R11,"no ORCID, not reviewed; nothing supports a narrower type",curator x1,1,,urn:org:agu:data:impactful-datasets:id:party:pacific-institute-for-studies-in-development-environment-and-security,,,,The Water Conflict Chronology Database,
agu:ResponsibleParty,PAGES SISAL Working Group,low,R11,"no ORCID, not reviewed; nothing supports a narrower type",curator x1,1,,urn:org:agu:data:impactful-datasets:id:party:pages-sisal-working-group,,,,"Speleothem Isotope Synthesis and AnaLysis v1, v1b, v2, v3",
agu:ResponsibleParty,"Pakdehi, Maryam",low,R11,"no ORCID, not reviewed; nothing supports a narrower type",creator x1,1,,urn:org:agu:data:impactful-datasets:id:party:pakdehi-maryam,,,,"Hurricanes, mold & respiratory health issues",
agu:ResponsibleParty,Pankaj Dey,low,R11,"no ORCID, not reviewed; nothing supports a narrower type",creator x1,1,,urn:org:agu:data:impactful-datasets:id:party:pankaj-dey,,,,CAMELS-IND (Catchment Attributes and Meteorology for Large-sample Studies - India),
agu:ResponsibleParty,"Paola Mazzoglio, Ilaria Butera, Pierluigi Claps",low,R11,"no ORCID, not reviewed; nothing supports a narrower type",creator x1,1,,urn:org:agu:data:impactful-datasets:id:party:paola-mazzoglio-ilaria-butera-pierluigi-claps,,,,Improved Italian - Rainfall Extreme Dataset (I2-RED),
agu:ResponsibleParty,"Paola Mazzoglio, Miriam Bertola",low,R11,"no ORCID, not reviewed; nothing supports a narrower type",creator x1,1,,urn:org:agu:data:impactful-datasets:id:party:paola-mazzoglio-miriam-bertola,,,,Historical daily discharge data of Italian rivers - SIREN project,
agu:ResponsibleParty,"Part 1: A. J. Newman, M. P. Clark, K. Sampson, A. Wood, L. E. Hay, A. Bock, R. J. Viger, D. Blodgett, L. Brekke, J. R. Arnold, T. Hopson, and Q. Duan",low,R11,"no ORCID, not reviewed; nothing supports a narrower type",creator x1,1,,urn:org:agu:data:impactful-datasets:id:party:part-1-a-j-newman-m-p-clark-k-sampson-a-wood-l-e-hay-a-bock-r-j-viger,,,,Catchment Attributes and MEteorology for Large-sample Studies (CAMELS),
agu:ResponsibleParty,"Part 2: N. Addor, A. Newman, M. Mizukami, and M. P. Clark",low,R11,"no ORCID, not reviewed; nothing supports a narrower type",creator x1,1,,urn:org:agu:data:impactful-datasets:id:party:part-2-n-addor-a-newman-m-mizukami-and-m-p-clark,,,,Catchment Attributes and MEteorology for Large-sample Studies (CAMELS),
agu:ResponsibleParty,Part of ESA WorldCereal consortium,low,R11,"no ORCID, not reviewed; nothing supports a narrower type",curator x1,1,,urn:org:agu:data:impactful-datasets:id:party:part-of-esa-worldcereal-consortium,,,,WorldCereal Harmonized Reference Datasets,
agu:ResponsibleParty,Pastorello et al. https://www.nature.com/articles/s41597-020-0534-3,low,R11,"no ORCID, not reviewed; nothing supports a narrower type",creator x1,1,,urn:org:agu:data:impactful-datasets:id:party:pastorello-et-al-https-www-nature-com-articles-s41597-020-0534-3,,,,FLUXNET 2015,
agu:ResponsibleParty,Patrick Broxton and Xubin Zeng,low,R11,"no ORCID, not reviewed; nothing supports a narrower type","creator x1, curator x1",2,,urn:org:agu:data:impactful-datasets:id:party:patrick-broxton-and-xubin-zeng,,,,Daily 4 km Gridded SWE and Snow Depth from Assimilated In-Situ and Observation-Based Data over the Conterminous US,
agu:ResponsibleParty,Paul Dodsworth,low,R11,"no ORCID, not reviewed; nothing supports a narrower type",creator x1,1,,urn:org:agu:data:impactful-datasets:id:party:paul-dodsworth,,,,Cenomanian-Turonian Eagle Ford Research: Core dataset,
agu:ResponsibleParty,"Pazos, Mayra",low,R11,"no ORCID, not reviewed; nothing supports a narrower type",creator x1,1,,urn:org:agu:data:impactful-datasets:id:party:pazos-mayra,,,,"Hourly location, current velocity, and temperature collected from Global Drifter Program drifters world-wide",
agu:ResponsibleParty,"Peiyu Cao, Franco Bilotto, Carlos Gonzalez Fischer, Nathaniel D. Mueller, Kimberly M. Carlson, James S. Gerber, Pete Smith, Francesco N. Tubiello, Paul C. West, Liangzhi You, Mario Herrero",low,R11,"no ORCID, not reviewed; nothing supports a narrower type",creator x1,1,,urn:org:agu:data:impactful-datasets:id:party:peiyu-cao-franco-bilotto-carlos-gonzalez-fischer-nathaniel-d-mueller-k,,,,Data and code for Mapping greenhouse gas emissions from global cropland circa 2020,
agu:ResponsibleParty,"Peter Ford, Gordon Pettengill, Fang Liu, Joan Quigley",low,R11,"no ORCID, not reviewed; nothing supports a narrower type",creator x1,1,,urn:org:agu:data:impactful-datasets:id:party:peter-ford-gordon-pettengill-fang-liu-joan-quigley,,,,"Magellan Global Topography, Emissivity, Reflectivity, and Slope Data Record (GXDR)",
agu:ResponsibleParty,Phil Thompson,low,R11,"no ORCID, not reviewed; nothing supports a narrower type",creator x1,1,,urn:org:agu:data:impactful-datasets:id:party:phil-thompson,,,,Global Extreme Sea Level Analysis (GESLA),
agu:ResponsibleParty,Phil Woodworth,low,R11,"no ORCID, not reviewed; nothing supports a narrower type",creator x1,1,,urn:org:agu:data:impactful-datasets:id:party:phil-woodworth,,,,Global Extreme Sea Level Analysis (GESLA),
agu:ResponsibleParty,Pieter Smit,low,R11,"no ORCID, not reviewed; nothing supports a narrower type",creator x1,1,,urn:org:agu:data:impactful-datasets:id:party:pieter-smit,,,,Sofar Spotter Data Archive,
agu:ResponsibleParty,Pingping Xie,low,R11,"no ORCID, not reviewed; nothing supports a narrower type",creator x1,1,,urn:org:agu:data:impactful-datasets:id:party:pingping-xie,,,,NCEP/CPC L3 Half Hourly 4km Global (60S - 60N) Merged IR,
agu:ResponsibleParty,Polar Geospatial Center,low,R11,"no ORCID, not reviewed; nothing supports a narrower type",curator x1,1,,urn:org:agu:data:impactful-datasets:id:party:polar-geospatial-center,,,,ArcticDEM and the Reference Elevation Model of Antarctica (REMA),
agu:ResponsibleParty,"Polar Geospatial Center, University of Minnesota",low,R11,"no ORCID, not reviewed; nothing supports a narrower type",creator x1,1,,urn:org:agu:data:impactful-datasets:id:party:polar-geospatial-center-university-of-minnesota,,,,ArcticDEM and the Reference Elevation Model of Antarctica (REMA),
agu:ResponsibleParty,"Powers, Julie",low,R11,"no ORCID, not reviewed; nothing supports a narrower type",creator x1,1,,urn:org:agu:data:impactful-datasets:id:party:powers-julie,,,,Gridded U.S. Anthropogenic Methane Greenhouse Gas Inventory (gridded GHGI),
agu:ResponsibleParty,Pradeep P. Mujumdar,low,R11,"no ORCID, not reviewed; nothing supports a narrower type",creator x1,1,,urn:org:agu:data:impactful-datasets:id:party:pradeep-p-mujumdar,,,,CAMELS-IND (Catchment Attributes and Meteorology for Large-sample Studies - India),
agu:ResponsibleParty,Prof Dr. Robert Holzworth,low,R11,"no ORCID, not reviewed; nothing supports a narrower type",curator x1,1,,urn:org:agu:data:impactful-datasets:id:party:prof-dr-robert-holzworth,,,,World Wide Lightning Location Network (WWLLN) Dataset,
agu:ResponsibleParty,Professor Dr. Robert Holzworth,low,R11,"no ORCID, not reviewed; nothing supports a narrower type",creator x1,1,,urn:org:agu:data:impactful-datasets:id:party:professor-dr-robert-holzworth,,,,World Wide Lightning Location Network (WWLLN) Dataset,
agu:ResponsibleParty,"Rachel Yesenchak, Devin Justman, Lucy Romeo, Isabelle Pfander, Justin Mackey, Sophia Bauer, Michael Sabbatino, Burt Thomas, Zineb Belarbi, Madison Wenzlick, Kathryn Smith, Chad Able, Alison Fritz, Nicholas Siefert",low,R11,"no ORCID, not reviewed; nothing supports a narrower type",creator x1,1,,urn:org:agu:data:impactful-datasets:id:party:rachel-yesenchak-devin-justman-lucy-romeo-isabelle-pfander-justin-mack,,,,National Energy Water Treatment and Speciation (NEWTS) Database,
agu:ResponsibleParty,Rasmus Swalethorp,low,R11,"no ORCID, not reviewed; nothing supports a narrower type",curator x1,1,,urn:org:agu:data:impactful-datasets:id:party:rasmus-swalethorp,,,,CalCOFI SIO Hydrographic CTD Bottle/Cast Data,
agu:ResponsibleParty,Ray Kokaly (USGS) et al.,low,R11,"no ORCID, not reviewed; nothing supports a narrower type",curator x1,1,,urn:org:agu:data:impactful-datasets:id:party:ray-kokaly-usgs-et-al,,,,USGS Spectral Library,
agu:ResponsibleParty,"Repository Data Managers / Curators: Atmospheric Composition Analysis Group (ACAG) at Washington University in St. Louis, with key data managers Aaron van Donkelaar, Siyuan Shen, Chi Li, and Randall Martin",low,R11,"no ORCID, not reviewed; nothing supports a narrower type",curator x1,1,,urn:org:agu:data:impactful-datasets:id:party:repository-data-managers-curators-atmospheric-composition-analysis-gro,,,,"SatPM2.5 (Satellite-derived PM2.5) with current versions: V6.GL.02.04 (global, 1998–2023, Convolutional Neural Network based calibration), V5.GL.05.02 (global, 1998–2023, Geographically Weighted Regression based calibration), and V5.NA.05/V5.NA.05.02 (North American, 2000–2023, compositional PM2.5)",
agu:ResponsibleParty,Repository data managers Xiaoduo Pan (panxd@itpcas.ac.cn),low,R11,"no ORCID, not reviewed; nothing supports a narrower type",curator x1,1,,urn:org:agu:data:impactful-datasets:id:party:repository-data-managers-xiaoduo-pan-panxd-itpcas-ac-cn,,,,China Meteorological Forcing Dataset,
agu:ResponsibleParty,Robert S. Fausto,low,R11,"no ORCID, not reviewed; nothing supports a narrower type",creator x1,1,,urn:org:agu:data:impactful-datasets:id:party:robert-s-fausto,,,,Greenland liquid water discharge from 1958 through 2019,
agu:ResponsibleParty,"Roger Clark et al (USGS), Ray Kokaly (USGS), Gregg Swayze (USGS), et al.",low,R11,"no ORCID, not reviewed; nothing supports a narrower type",creator x1,1,,urn:org:agu:data:impactful-datasets:id:party:roger-clark-et-al-usgs-ray-kokaly-usgs-gregg-swayze-usgs-et-al,,,,USGS Spectral Library,
agu:ResponsibleParty,RTI International,low,R11,"no ORCID, not reviewed; nothing supports a narrower type",curator x1,1,,urn:org:agu:data:impactful-datasets:id:party:rti-international,,,,Gridded U.S. Anthropogenic Methane Greenhouse Gas Inventory (gridded GHGI),
agu:ResponsibleParty,Ruud van der Ent,low,R11,"no ORCID, not reviewed; nothing supports a narrower type",creator x1,1,,urn:org:agu:data:impactful-datasets:id:party:ruud-van-der-ent,,,,EStreams,
agu:ResponsibleParty,"Samuel Boone, Malcolm McMillan, Angus Nixon, Ling Chung, Christian Seiler, Stijn Glorie, Barry Kohn, Andrew Gleadow",low,R11,"no ORCID, not reviewed; nothing supports a narrower type",creator x1,1,,urn:org:agu:data:impactful-datasets:id:party:samuel-boone-malcolm-mcmillan-angus-nixon-ling-chung-christian-seiler,,,,Australian Thermochronology - 2002 to 2022,
agu:ResponsibleParty,Sanchit Minocha and Faisal Hossain,low,R11,"no ORCID, not reviewed; nothing supports a narrower type","creator x1, curator x1",2,,urn:org:agu:data:impactful-datasets:id:party:sanchit-minocha-and-faisal-hossain,,,,Global Reservoir Inventory of Lost Storage by Sedimentation (GRILSS),
agu:ResponsibleParty,Santosh Karanam,low,R11,"no ORCID, not reviewed; nothing supports a narrower type",creator x1,1,,urn:org:agu:data:impactful-datasets:id:party:santosh-karanam,,,,WorldCereal Harmonized Reference Datasets,
agu:ResponsibleParty,"Sarath Suresh, Faisal Hossain",low,R11,"no ORCID, not reviewed; nothing supports a narrower type",curator x1,1,,urn:org:agu:data:impactful-datasets:id:party:sarath-suresh-faisal-hossain,,,,GRAIN - Global Registry of Agricultural Irrigation Networks,
agu:ResponsibleParty,"Sarath Suresh, Faisal Hossain, Vimal Mishra, Nehan Hossain",low,R11,"no ORCID, not reviewed; nothing supports a narrower type",creator x1,1,,urn:org:agu:data:impactful-datasets:id:party:sarath-suresh-faisal-hossain-vimal-mishra-nehan-hossain,,,,GRAIN - Global Registry of Agricultural Irrigation Networks,
agu:ResponsibleParty,Scott Stalin,low,R11,"no ORCID, not reviewed; nothing supports a narrower type",creator x1,1,,urn:org:agu:data:impactful-datasets:id:party:scott-stalin,,,,SWOT Post-Launch Field Campaign Data,
agu:ResponsibleParty,Shailza Sharma,low,R11,"no ORCID, not reviewed; nothing supports a narrower type",creator x1,1,,urn:org:agu:data:impactful-datasets:id:party:shailza-sharma,,,,CAMELS-IND (Catchment Attributes and Meteorology for Large-sample Studies - India),
agu:ResponsibleParty,Shin Sugiyama,low,R11,"no ORCID, not reviewed; nothing supports a narrower type",creator x1,1,,urn:org:agu:data:impactful-datasets:id:party:shin-sugiyama,,,,Greenland liquid water discharge from 1958 through 2019,
agu:ResponsibleParty,"Sigrid Dengel, sdengel@lbl.gov",low,R11,"no ORCID, not reviewed; nothing supports a narrower type",curator x1,1,,urn:org:agu:data:impactful-datasets:id:party:sigrid-dengel-sdengel-lbl-gov,,,,Fluxnet (or Ameriflux for N America),
agu:ResponsibleParty,Simon TETT,low,R11,"no ORCID, not reviewed; nothing supports a narrower type",creator x1,1,,urn:org:agu:data:impactful-datasets:id:party:simon-tett,,,,Homogenized daily relative humidity series in China during 1960-2017,
agu:ResponsibleParty,Sofar Ocean Open Data Team,low,R11,"no ORCID, not reviewed; nothing supports a narrower type",curator x1,1,,urn:org:agu:data:impactful-datasets:id:party:sofar-ocean-open-data-team,,,,Sofar Spotter Data Archive,
agu:ResponsibleParty,Software Developers,low,R11,"no ORCID, not reviewed; nothing supports a narrower type",curator x1,1,,urn:org:agu:data:impactful-datasets:id:party:software-developers,,,,Community Earth Models,
agu:ResponsibleParty,starting with Waldo Tobler,low,R11,"no ORCID, not reviewed; nothing supports a narrower type",creator x1,1,,urn:org:agu:data:impactful-datasets:id:party:starting-with-waldo-tobler,,,,Gridded Population of the World (GPW),
agu:ResponsibleParty,Statewide California Earthquake Center,low,R11,"no ORCID, not reviewed; nothing supports a narrower type",curator x1,1,,urn:org:agu:data:impactful-datasets:id:party:statewide-california-earthquake-center,,,,Community Earth Models,
agu:ResponsibleParty,"Statewide California Earthquake Center, Andreas Plesch (Harvard), Scott T. Marshall (App State), John H. Shaw (Harvard)",low,R11,"no ORCID, not reviewed; nothing supports a narrower type",curator x1,1,,urn:org:agu:data:impactful-datasets:id:party:statewide-california-earthquake-center-andreas-plesch-harvard-scott-t,,,,The Statewide California Earthquake Center Community Fault Model (CFM),
agu:ResponsibleParty,Stefan Talke,low,R11,"no ORCID, not reviewed; nothing supports a narrower type",creator x1,1,,urn:org:agu:data:impactful-datasets:id:party:stefan-talke,,,,Global Extreme Sea Level Analysis (GESLA),
agu:ResponsibleParty,Steffen Fritz,low,R11,"no ORCID, not reviewed; nothing supports a narrower type",creator x1,1,,urn:org:agu:data:impactful-datasets:id:party:steffen-fritz,,,,WorldCereal Harmonized Reference Datasets,
agu:ResponsibleParty,Stephen Chan SWChan@lbl.gov,low,R11,"no ORCID, not reviewed; nothing supports a narrower type",curator x1,1,,urn:org:agu:data:impactful-datasets:id:party:stephen-chan-swchan-lbl-gov,,,,Fluxnet (or Ameriflux for N America),
agu:ResponsibleParty,Steven C. Bergman,low,R11,"no ORCID, not reviewed; nothing supports a narrower type",creator x1,1,,urn:org:agu:data:impactful-datasets:id:party:steven-c-bergman,,,,Cenomanian-Turonian Eagle Ford Research: Core dataset,
agu:ResponsibleParty,"Stoll, Brigitte",low,R11,"no ORCID, not reviewed; nothing supports a narrower type",creator x1,1,,urn:org:agu:data:impactful-datasets:id:party:stoll-brigitte,,,,GeoReM,
agu:ResponsibleParty,Susana Adamo,low,R11,"no ORCID, not reviewed; nothing supports a narrower type",creator x1,1,,urn:org:agu:data:impactful-datasets:id:party:susana-adamo,,,,Gridded Population of the World (GPW),
agu:ResponsibleParty,"Sy-Toan Ngo, SyToanNgo@lbl.gov",low,R11,"no ORCID, not reviewed; nothing supports a narrower type",curator x1,1,,urn:org:agu:data:impactful-datasets:id:party:sy-toan-ngo-sytoanngo-lbl-gov,,,,Fluxnet (or Ameriflux for N America),
agu:ResponsibleParty,"Sykulski, Adam",low,R11,"no ORCID, not reviewed; nothing supports a narrower type",creator x1,1,,urn:org:agu:data:impactful-datasets:id:party:sykulski-adam,,,,"Hourly location, current velocity, and temperature collected from Global Drifter Program drifters world-wide",
agu:ResponsibleParty,Sébastien Biraud scbiraud@lbl.gov,low,R11,"no ORCID, not reviewed; nothing supports a narrower type",curator x1,1,,urn:org:agu:data:impactful-datasets:id:party:s-bastien-biraud-scbiraud-lbl-gov,,,,Fluxnet (or Ameriflux for N America),
agu:ResponsibleParty,Taiwan Space Agency,low,R11,"no ORCID, not reviewed; nothing supports a narrower type",curator x1,1,,urn:org:agu:data:impactful-datasets:id:party:taiwan-space-agency,,,,FORMOSAT-7/COSMIC-2 Global Ionospheric Specification,
agu:ResponsibleParty,"Takehiro Hiroi, Ralph Milliken (Brown U RELAB)",low,R11,"no ORCID, not reviewed; nothing supports a narrower type",curator x1,1,,urn:org:agu:data:impactful-datasets:id:party:takehiro-hiroi-ralph-milliken-brown-u-relab,,,,RELAB spectral library at Brown University,
agu:ResponsibleParty,"The dataset nominated for inclusion is the Water Conflict Chronology, the world’s most comprehensive, open-source database on water and security, created by Dr. Peter Gleick and the Pacific Institute.",low,R11,"no ORCID, not reviewed; nothing supports a narrower type",creator x1,1,,urn:org:agu:data:impactful-datasets:id:party:the-dataset-nominated-for-inclusion-is-the-water-conflict-chronology-t,,,,The Water Conflict Chronology Database,
agu:ResponsibleParty,The FLUXNET Community,low,R11,"no ORCID, not reviewed; nothing supports a narrower type",creator x1,1,,urn:org:agu:data:impactful-datasets:id:party:the-fluxnet-community,,,,FLUXNET 2015,
agu:ResponsibleParty,The Geospatial Information Authority of Japan,low,R11,"no ORCID, not reviewed; nothing supports a narrower type",creator x1,1,,urn:org:agu:data:impactful-datasets:id:party:the-geospatial-information-authority-of-japan,,,,GEONET,
agu:ResponsibleParty,The International Federation of Digital Seismograph Networks (FDSN),low,R11,"no ORCID, not reviewed; nothing supports a narrower type",creator x1,1,,urn:org:agu:data:impactful-datasets:id:party:the-international-federation-of-digital-seismograph-networks-fdsn,,,,FDSN Databases,
agu:ResponsibleParty,The LROC Science Operations Center (SOC),low,R11,"no ORCID, not reviewed; nothing supports a narrower type",creator x1,1,,urn:org:agu:data:impactful-datasets:id:party:the-lroc-science-operations-center-soc,,,,PDS Archive of LRO LROC Derived Products,
agu:ResponsibleParty,the PAGES SISAL Working Group members,low,R11,"no ORCID, not reviewed; nothing supports a narrower type",creator x1,1,,urn:org:agu:data:impactful-datasets:id:party:the-pages-sisal-working-group-members,,,,"Speleothem Isotope Synthesis and AnaLysis v1, v1b, v2, v3",
agu:ResponsibleParty,Thiago V. M. do Nascimento,low,R11,"no ORCID, not reviewed; nothing supports a narrower type",creator x1,1,,urn:org:agu:data:impactful-datasets:id:party:thiago-v-m-do-nascimento,,,,EStreams,
agu:ResponsibleParty,"Thomas Westerhold, Norbert Marwan, Anna Joy Drury, Diederik Liebrand, Claudia Agnini, Eleni Anagnostou, James S. K. Barnet, Steven M. Bohaty, David De Vleeschouwer, Fabio Florindo, Thomas Frederichs, David A. Hodell, Ann E. Holbourn, Dick Kroon, Vittoria Lauretano, Kate Littler, Lucas J. Lourens, Mitchell Lyle, Heiko Pälike, Ursula Röhl, Jun Tian, Roy H. Wilkens, Paul A. Wilson, James C. Zachos",low,R11,"no ORCID, not reviewed; nothing supports a narrower type",creator x1,1,,urn:org:agu:data:impactful-datasets:id:party:thomas-westerhold-norbert-marwan-anna-joy-drury-diederik-liebrand-clau,,,,Cenozoic Global Reference benthic foraminifer carbon and oxygen Isotope Dataset (CENOGRID),
agu:ResponsibleParty,"Thomson-Browne, Dana",low,R11,"no ORCID, not reviewed; nothing supports a narrower type",creator x1,1,,urn:org:agu:data:impactful-datasets:id:party:thomson-browne-dana,,,,"EnvClim Grids: Global Urban Environmental Vulnerability and Climate Risk, 500m Resolution (circa 2020–2050)",
agu:ResponsibleParty,Tim Sweere,low,R11,"no ORCID, not reviewed; nothing supports a narrower type",creator x1,1,,urn:org:agu:data:impactful-datasets:id:party:tim-sweere,,,,Cenomanian-Turonian Eagle Ford Research: Core dataset,
agu:ResponsibleParty,Tom Kralidis,low,R11,"no ORCID, not reviewed; nothing supports a narrower type",curator x1,1,,urn:org:agu:data:impactful-datasets:id:party:tom-kralidis,,,,Ozone data collection at WOUDC,
agu:ResponsibleParty,"Tom Morrell, Coleen Roehl, Josh Laughner",low,R11,"no ORCID, not reviewed; nothing supports a narrower type",curator x1,1,,urn:org:agu:data:impactful-datasets:id:party:tom-morrell-coleen-roehl-josh-laughner,,,,2020 TCCON Data Release,
agu:ResponsibleParty,Tomoko Matsuo,low,R11,"no ORCID, not reviewed; nothing supports a narrower type",creator x1,1,,urn:org:agu:data:impactful-datasets:id:party:tomoko-matsuo,,,,FORMOSAT-7/COSMIC-2 Global Ionospheric Specification,
agu:ResponsibleParty,Total Carbon Column Observing Network (TCCON) Team,low,R11,"no ORCID, not reviewed; nothing supports a narrower type",creator x1,1,,urn:org:agu:data:impactful-datasets:id:party:total-carbon-column-observing-network-tccon-team,,,,2020 TCCON Data Release,
agu:ResponsibleParty,Trevor Keenan trevorkeenan@berkeley.edu,low,R11,"no ORCID, not reviewed; nothing supports a narrower type",curator x1,1,,urn:org:agu:data:impactful-datasets:id:party:trevor-keenan-trevorkeenan-berkeley-edu,,,,Fluxnet (or Ameriflux for N America),
agu:ResponsibleParty,U.S. Geological Survey (USGS) in partnership with the Association of American State Geologists,low,R11,"no ORCID, not reviewed; nothing supports a narrower type",curator x1,1,,urn:org:agu:data:impactful-datasets:id:party:u-s-geological-survey-usgs-in-partnership-with-the-association-of-amer,,,,The National Geologic Map Database (NGMDB),
agu:ResponsibleParty,UCAR,low,R11,"no ORCID, not reviewed; nothing supports a narrower type",creator x1,1,,urn:org:agu:data:impactful-datasets:id:party:ucar,,,,GNSS Radio Occultation data set atmPhs/ConPhs,
agu:ResponsibleParty,UCSD SIO,low,R11,"no ORCID, not reviewed; nothing supports a narrower type",creator x1,1,,urn:org:agu:data:impactful-datasets:id:party:ucsd-sio,,,,CalCOFI SIO Hydrographic CTD Bottle/Cast Data,
agu:ResponsibleParty,Ulrike Weis,low,R11,"no ORCID, not reviewed; nothing supports a narrower type",curator x1,1,,urn:org:agu:data:impactful-datasets:id:party:ulrike-weis,,,,GeoReM,
agu:ResponsibleParty,UMD / JPL,low,R11,"no ORCID, not reviewed; nothing supports a narrower type",curator x1,1,,urn:org:agu:data:impactful-datasets:id:party:umd-jpl,,,,OPERA Land Surface Disturbance Alert from Harmonized Landsat Sentinel-2 product (Version 1) OPERA_L3_DIST-ALERT-HLS_V1,
agu:ResponsibleParty,University of Miami,low,R11,"no ORCID, not reviewed; nothing supports a narrower type",curator x1,1,,urn:org:agu:data:impactful-datasets:id:party:university-of-miami,,,,North American Multi-Model Ensemble (NMME) and Subseasonal Experiment (SubX),
agu:ResponsibleParty,University of Michigan,low,R11,"no ORCID, not reviewed; nothing supports a narrower type",curator x1,1,,urn:org:agu:data:impactful-datasets:id:party:university-of-michigan,,,,A Comprehensive Northern Hemisphere Particle Microphysics Dataset from the Precipitation Imaging Package,
agu:ResponsibleParty,University of Oklahoma,low,R11,"no ORCID, not reviewed; nothing supports a narrower type",curator x1,1,,urn:org:agu:data:impactful-datasets:id:party:university-of-oklahoma,,,,North American Multi-Model Ensemble (NMME) and Subseasonal Experiment (SubX),
agu:ResponsibleParty,US EPA/USFS team,low,R11,"no ORCID, not reviewed; nothing supports a narrower type","creator x1, curator x1",2,,urn:org:agu:data:impactful-datasets:id:party:us-epa-usfs-team,,,,Air NOW Fire and Smoke map,
agu:ResponsibleParty,US Geological Survey,low,R11,"no ORCID, not reviewed; nothing supports a narrower type",curator x1,1,,urn:org:agu:data:impactful-datasets:id:party:us-geological-survey,,,,National Land Cover Database (NLCD),
agu:ResponsibleParty,"US Geological Survey, US Enviornmental Protection Agency",low,R11,"no ORCID, not reviewed; nothing supports a narrower type",creator x1,1,,urn:org:agu:data:impactful-datasets:id:party:us-geological-survey-us-enviornmental-protection-agency,,,,Water Quality Portal,
agu:ResponsibleParty,Uwe Deichmann at UC-Santa Barbara,low,R11,"no ORCID, not reviewed; nothing supports a narrower type",creator x1,1,,urn:org:agu:data:impactful-datasets:id:party:uwe-deichmann-at-uc-santa-barbara,,,,Gridded Population of the World (GPW),
agu:ResponsibleParty,Uwe Send,low,R11,"no ORCID, not reviewed; nothing supports a narrower type",creator x1,1,,urn:org:agu:data:impactful-datasets:id:party:uwe-send,,,,SWOT Post-Launch Field Campaign Data,
agu:ResponsibleParty,Van Tricht et al.,low,R11,"no ORCID, not reviewed; nothing supports a narrower type",creator x1,1,,urn:org:agu:data:impactful-datasets:id:party:van-tricht-et-al,,,,ESA WorldCereal 10 m 2021 v100,
agu:ResponsibleParty,Various across modelling centres,low,R11,"no ORCID, not reviewed; nothing supports a narrower type",creator x1,1,,urn:org:agu:data:impactful-datasets:id:party:various-across-modelling-centres,,,,Coupled Model Intercomparison Project 6 (CMIP6),
agu:ResponsibleParty,Vijaykumar Bejagam,low,R11,"no ORCID, not reviewed; nothing supports a narrower type",creator x1,1,,urn:org:agu:data:impactful-datasets:id:party:vijaykumar-bejagam,,,,CAMELS-IND (Catchment Attributes and Meteorology for Large-sample Studies - India),
agu:ResponsibleParty,"Virkkala, Wargowsky, Vogt & Kuhn et al. (+ over 250 coauthors)",low,R11,"no ORCID, not reviewed; nothing supports a narrower type",creator x1,1,,urn:org:agu:data:impactful-datasets:id:party:virkkala-wargowsky-vogt-kuhn-et-al-over-250-coauthors,,,,ABCFlux v2: Arctic–Boreal CO2 and CH4 In-situ Flux and Environmental Data,
agu:ResponsibleParty,VITO Belgium,low,R11,"no ORCID, not reviewed; nothing supports a narrower type",curator x1,1,,urn:org:agu:data:impactful-datasets:id:party:vito-belgium,,,,ESA WorldCereal 10 m 2021 v100,
agu:ResponsibleParty,WDC-SILSO - Royal Observatory of Belgium,low,R11,"no ORCID, not reviewed; nothing supports a narrower type",curator x1,1,,urn:org:agu:data:impactful-datasets:id:party:wdc-silso-royal-observatory-of-belgium,,,,International Sunspot Number,
agu:ResponsibleParty,Wen-Hao Yeh,low,R11,"no ORCID, not reviewed; nothing supports a narrower type",creator x1,1,,urn:org:agu:data:impactful-datasets:id:party:wen-hao-yeh,,,,FORMOSAT-7/COSMIC-2 Global Ionospheric Specification,
agu:ResponsibleParty,"Weston Anderson, Donghoon Lee, FEWS NET, HarvestStat (https://www.harveststat.org/)",low,R11,"no ORCID, not reviewed; nothing supports a narrower type",curator x1,1,,urn:org:agu:data:impactful-datasets:id:party:weston-anderson-donghoon-lee-fews-net-harveststat-https-www-harveststa,,,,HarvestStat Africa,
agu:ResponsibleParty,William Colgan,low,R11,"no ORCID, not reviewed; nothing supports a narrower type",creator x1,1,,urn:org:agu:data:impactful-datasets:id:party:william-colgan,,,,Greenland liquid water discharge from 1958 through 2019,
agu:ResponsibleParty,with each successive release (we are now working on version 5) there has been a small army of research staff assistants,low,R11,"no ORCID, not reviewed; nothing supports a narrower type",creator x1,1,,urn:org:agu:data:impactful-datasets:id:party:with-each-successive-release-we-are-now-working-on-version-5-there-has,,,,Gridded Population of the World (GPW),
agu:ResponsibleParty,wqp@usgs.gov,low,R11,"no ORCID, not reviewed; nothing supports a narrower type",curator x1,1,,urn:org:agu:data:impactful-datasets:id:party:wqp-usgs-gov,,,,Water Quality Portal,
agu:ResponsibleParty,Wuhan Botanical Garden,low,R11,"no ORCID, not reviewed; nothing supports a narrower type",curator x1,1,,urn:org:agu:data:impactful-datasets:id:party:wuhan-botanical-garden,,,,Vegetation Photosynthetic Phenology Metrics in Northern Terrestrial Ecosystems,
agu:ResponsibleParty,Xavier Fettweis,low,R11,"no ORCID, not reviewed; nothing supports a narrower type",creator x1,1,,urn:org:agu:data:impactful-datasets:id:party:xavier-fettweis,,,,Greenland liquid water discharge from 1958 through 2019,
agu:ResponsibleParty,"Xing Li, Jingfeng Xiao",low,R11,"no ORCID, not reviewed; nothing supports a narrower type",creator x1,1,,urn:org:agu:data:impactful-datasets:id:party:xing-li-jingfeng-xiao,,,,GOSIF and GOSIF GPP (two sister products),
agu:ResponsibleParty,"Xueyuan Gao, Peter B. Reich, Jeffrey R. Vincent, Matthew E. Fagan, Robin L. Chazdon, Steffen Fritz, Dmitry Schepaschenko, Matthew D. Potts, Matthew C. Hansen, Martin Jung, Pedro H. S. Brancalion, María Uriarte, Trevor F. Keenan, Thomas W. Crowther, Ralph O. Dubayah, Myroslava Lesiv, Shunlin Liang, Dongdong Wang",low,R11,"no ORCID, not reviewed; nothing supports a narrower type",creator x1,1,,urn:org:agu:data:impactful-datasets:id:party:xueyuan-gao-peter-b-reich-jeffrey-r-vincent-matthew-e-fagan-robin-l-ch,,,,Tropical moist forest restoration type map,
agu:ResponsibleParty,Xun Sun,low,R11,"no ORCID, not reviewed; nothing supports a narrower type",creator x1,1,,urn:org:agu:data:impactful-datasets:id:party:xun-sun,,,,Cenomanian-Turonian Eagle Ford Research: Core dataset,
agu:ResponsibleParty,"Yan, Zhengxiao",low,R11,"no ORCID, not reviewed; nothing supports a narrower type",creator x1,1,,urn:org:agu:data:impactful-datasets:id:party:yan-zhengxiao,,,,"Hurricanes, mold & respiratory health issues",
agu:ResponsibleParty,Yani ZHU,low,R11,"no ORCID, not reviewed; nothing supports a narrower type",creator x1,1,,urn:org:agu:data:impactful-datasets:id:party:yani-zhu,,,,Homogenized daily relative humidity series in China during 1960-2017,
agu:ResponsibleParty,"Yi, Bo",low,R11,"no ORCID, not reviewed; nothing supports a narrower type",creator x1,1,,urn:org:agu:data:impactful-datasets:id:party:yi-bo,,,,"Annual crop-specific management history of phosphorus fertilizer input (CMH-P) in the croplands of United States from 1850 to 2022: Application rate, timing, and method",
agu:ResponsibleParty,You-Wei Cheah ycheah@lbl.gov,low,R11,"no ORCID, not reviewed; nothing supports a narrower type",curator x1,1,,urn:org:agu:data:impactful-datasets:id:party:you-wei-cheah-ycheah-lbl-gov,,,,Fluxnet (or Ameriflux for N America),
agu:ResponsibleParty,Zhen LI,low,R11,"no ORCID, not reviewed; nothing supports a narrower type",creator x1,1,,urn:org:agu:data:impactful-datasets:id:party:zhen-li,,,,Homogenized daily relative humidity series in China during 1960-2017,
agu:ResponsibleParty,Zhen Yu,low,R11,"no ORCID, not reviewed; nothing supports a narrower type",creator x1,1,,urn:org:agu:data:impactful-datasets:id:party:zhen-yu,,,,Agricultural nitrogen fertilizer uses in the continental U.S. during 1850-2015: a set of gridded time-series data,
agu:ResponsibleParty,Zhong Liu (zhong.liu-1@nasa.gov),low,R11,"no ORCID, not reviewed; nothing supports a narrower type",curator x1,1,,urn:org:agu:data:impactful-datasets:id:party:zhong-liu-zhong-liu-1-nasa-gov,,,,Integrated Multi-satellitE Retrievals for the Global Precipitation Measurement (GPM) mission (IMERG),
agu:ResponsibleParty,Zhongwei YAN,low,R11,"no ORCID, not reviewed; nothing supports a narrower type",creator x1,1,,urn:org:agu:data:impactful-datasets:id:party:zhongwei-yan,,,,Homogenized daily relative humidity series in China during 1960-2017,
